{"train_loss":4.403156652508012,"val_loss":5.959770496934652,"_timestamp":1.7461115271293433e+09,"_runtime":459.262824321,"_step":3,"best_val_loss":5.959770496934652,"_wandb":{"runtime":593},"epoch":2}