{"best_val_loss":0.002002908265380681,"epoch":10,"val_loss":0.002002908265380681,"_timestamp":1.7458340589287562e+09,"_wandb":{"runtime":116},"train_loss":0.0007630022547136133,"_runtime":116.590049897,"_step":19}