{"_wandb":{"runtime":361},"_runtime":233.667783035,"_step":1,"epoch":1,"train_loss":8.186003385538077,"val_loss":11.680180980158704,"_timestamp":1.7461115404269156e+09,"best_val_loss":11.680180980158704}