{"val_loss":0.000687919915110667,"best_val_loss":0.000687919915110667,"parameters/graph_4layers.0.conv.weight":{"_type":"histogram","values":[2,4,2,8,10,6,10,16,18,28,36,52,53,94,151,224,295,537,853,1463,2527,3843,5356,6362,7193,7732,7758,8071,8232,8252,8363,8418,8430,8424,8364,8274,8291,8230,7850,7646,7217,6390,4801,3676,2206,1347,869,660,417,235,138,77,60,44,23,19,15,6,9,7,5,4,3,6],"bins":[-0.11506973952054977,-0.11150384694337845,-0.10793794691562653,-0.1043720543384552,-0.10080616176128387,-0.09724026918411255,-0.09367437660694122,-0.0901084765791893,-0.08654258400201797,-0.08297669142484665,-0.07941079139709473,-0.0758448988199234,-0.07227900624275208,-0.06871311366558075,-0.06514722108840942,-0.0615813210606575,-0.058015428483486176,-0.05444953590631485,-0.050883639603853226,-0.0473177433013916,-0.043751850724220276,-0.04018595814704895,-0.036620061844587326,-0.0330541655421257,-0.029488272964954376,-0.0259223785251379,-0.022356484085321426,-0.01879058964550495,-0.015224695205688477,-0.011658800765872002,-0.008092906326055527,-0.004527011886239052,-0.0009611248970031738,0.002604769542813301,0.006170663982629776,0.009736558422446251,0.013302452862262726,0.0168683473020792,0.020434241741895676,0.02400013618171215,0.027566030621528625,0.0311319250613451,0.034697819501161575,0.0382637158036232,0.041829608380794525,0.04539550095796585,0.048961397260427475,0.0525272935628891,0.056093186140060425,0.05965907871723175,0.06322497129440308,0.066790871322155,0.07035676389932632,0.07392265647649765,0.07748855650424957,0.0810544490814209,0.08462034165859222,0.08818623423576355,0.09175212681293488,0.0953180268406868,0.09888391941785812,0.10244981199502945,0.10601571202278137,0.1095816045999527,0.11314749717712402]},"_timestamp":1.7456865362077541e+09,"epoch":5,"parameters/graph_4to_out.weight":{"_type":"histogram","values":[1,0,0,2,5,8,11,13,20,11,23,17,22,15,23,8,12,20,18,14,20,20,17,14,23,19,10,15,23,10,5,16,19,17,12,15,15,15,23,17,16,16,17,21,18,19,18,15,12,19,15,9,15,12,13,11,14,17,15,11,12,5,4,4],"bins":[-0.15189418196678162,-0.14729474484920502,-0.14269529283046722,-0.13809585571289062,-0.13349640369415283,-0.12889696657657623,-0.12429751455783844,-0.11969806998968124,-0.11509862542152405,-0.11049918830394745,-0.10589974373579025,-0.10130029916763306,-0.09670085459947586,-0.09210141003131866,-0.08750196546316147,-0.08290252089500427,-0.07830307632684708,-0.07370363175868988,-0.06910418719053268,-0.06450474262237549,-0.05990529805421829,-0.055305857211351395,-0.0507064126431942,-0.046106968075037,-0.041507523506879807,-0.03690807893872261,-0.032308634370565414,-0.027709191665053368,-0.02310974709689617,-0.018510302528738976,-0.013910858891904354,-0.009311415255069733,-0.004711970686912537,-0.00011252658441662788,0.004486917518079281,0.009086361154913902,0.013685805723071098,0.018285250291228294,0.02288469299674034,0.027484137564897537,0.03208358213305473,0.03668302670121193,0.041282471269369125,0.04588191583752632,0.05048135668039322,0.055080801248550415,0.05968024581670761,0.06427969038486481,0.068879134953022,0.0734785795211792,0.0780780240893364,0.08267746865749359,0.08727691322565079,0.09187635779380798,0.09647580236196518,0.10107524693012238,0.10567468404769897,0.11027412861585617,0.11487357318401337,0.11947301775217056,0.12407246232032776,0.12867191433906555,0.13327135145664215,0.13787080347537994,0.14247024059295654]},"train_loss":0.0004888778168102166,"_step":9,"parameters/graph_4layers.1.conv.bias":{"_type":"histogram","values":[1,1,4,1,2,3,2,1,0,2,4,4,4,3,6,7,10,10,4,3,6,5,6,4,6,11,2,10,6,2,6,7,6,5,6,4,5,9,7,5,8,11,8,5,4,4,4,9,3,2,2,1,0,0,1,0,1,0,2,0,0,0,0,1],"bins":[-0.03915107250213623,-0.03765634074807167,-0.03616161271929741,-0.03466688096523285,-0.03317215293645859,-0.03167742118239403,-0.030182693153619766,-0.028687963262200356,-0.027193233370780945,-0.025698501616716385,-0.024203771725296974,-0.022709041833877563,-0.021214311942458153,-0.019719582051038742,-0.01822485215961933,-0.01673012226819992,-0.01523539237678051,-0.0137406624853611,-0.012245932593941689,-0.010751202702522278,-0.009256472811102867,-0.007761742454022169,-0.006267012096941471,-0.00477228220552206,-0.0032775523141026497,-0.0017828223062679172,-0.0002880922984331846,0.001206637709401548,0.0027013677172362804,0.004196097608655691,0.005690827965736389,0.0071855578571558,0.00868028774857521,0.010175017639994621,0.011669747531414032,0.013164477422833443,0.014659207314252853,0.016153937205672264,0.017648667097091675,0.019143396988511086,0.020638126879930496,0.022132858633995056,0.023627588525414467,0.025122318416833878,0.02661704830825329,0.0281117781996727,0.02960650809109211,0.03110123798251152,0.03259596973657608,0.03409069776535034,0.0355854295194149,0.03708015754818916,0.03857488930225372,0.040069617331027985,0.041564349085092545,0.043059077113866806,0.044553808867931366,0.04604853689670563,0.04754326865077019,0.04903799667954445,0.05053272843360901,0.05202745646238327,0.05352218821644783,0.05501691624522209,0.05651164799928665]},"_runtime":380.825789349,"parameters/graph_4to_out.bias":{"_type":"histogram","values":[1,0,0,0,0,0,0,0,0,0,0,1,0,0,0,0,1,1,0,0,0,0,0,0,2,0,0,0,0,0,0,0,1,0,0,0,0,0,0,0,0,0,1,1,0,0,1,0,1,0,0,1,0,0,0,1,0,0,0,0,0,0,0,1],"bins":[-0.1173267811536789,-0.11402668803930283,-0.11072659492492676,-0.10742649435997009,-0.10412640124559402,-0.10082630813121796,-0.09752621501684189,-0.09422612190246582,-0.09092602133750916,-0.08762592822313309,-0.08432583510875702,-0.08102574199438095,-0.07772564888000488,-0.07442555576562881,-0.07112545520067215,-0.06782536208629608,-0.06452526897192001,-0.061225175857543945,-0.05792507901787758,-0.05462498590350151,-0.051324889063835144,-0.048024795949459076,-0.04472470283508301,-0.04142460599541664,-0.03812451288104057,-0.034824419766664505,-0.03152432292699814,-0.02822422981262207,-0.024924134835600853,-0.021624039858579636,-0.018323946744203568,-0.01502385176718235,-0.011723756790161133,-0.008423661813139915,-0.005123567767441273,-0.0018234732560813427,0.0014766212552785873,0.004776715766638517,0.008076810277998447,0.01137690432369709,0.014676999300718307,0.017977094277739525,0.021277189254760742,0.02457728236913681,0.027877377346158028,0.031177472323179245,0.03447756543755531,0.03777766227722168,0.04107775539159775,0.044377848505973816,0.04767794534564018,0.05097803846001625,0.05427813529968262,0.057578228414058685,0.06087832152843475,0.06417841464281082,0.06747850775718689,0.07077860832214355,0.07407870143651962,0.07737879455089569,0.08067888766527176,0.08397898077964783,0.08727908134460449,0.09057917445898056,0.09387926757335663]},"parameters/graph_4layers.0.conv.bias":{"_type":"histogram","values":[3,1,4,6,0,2,5,7,5,5,8,6,6,7,4,7,4,12,5,6,9,9,6,3,4,8,8,8,5,6,8,8,11,6,5,5,7,8,7,4,3,3,1,2,1,2,1,0,0,3,0,0,1,0,0,0,0,0,0,0,0,0,0,1],