{"_step":14,"gradients/to_out.bias":{"_type":"histogram","values":[1,1,0,1,0,0,1,0,1,0,0,0,0,0,1,0,0,0,0,0,0,0,0,0,0,0,1,0,0,2,1,0,1,0,0,0,1,0,0,0,0,0,0,0,0,0,0,0,0,0,0,0,0,0,0,1,0,0,0,0,0,0,0,1],"bins":[-0.00029883263050578535,-0.00028912496054545045,-0.00027941729058511555,-0.00026970962062478065,-0.00026000195066444576,-0.00025029428070411086,-0.00024058661074377596,-0.00023087894078344107,-0.00022117127082310617,-0.0002114636154146865,-0.0002017559454543516,-0.0001920482754940167,-0.0001823406055336818,-0.0001726329355733469,-0.00016292526561301202,-0.00015321759565267712,-0.00014350992569234222,-0.00013380225573200732,-0.00012409458577167243,-0.00011438691581133753,-0.00010467924585100263,-9.497158316662535e-05,-8.526391320629045e-05,-7.555624324595556e-05,-6.584857328562066e-05,-5.614090332528576e-05,-4.6433233364950866e-05,-3.6725567042594776e-05,-2.701789708225988e-05,-1.731022712192498e-05,-7.602558980579488e-06,2.1051100702607073e-06,1.1812779121100903e-05,2.15204490814358e-05,3.12281190417707e-05,4.0935785364126787e-05,5.0643455324461684e-05,6.035112528479658e-05,7.005879160715267e-05,7.976646156748757e-05,8.947413152782246e-05,9.918180148815736e-05,0.00010888947144849226,0.00011859714140882716,0.00012830480409320444,0.00013801247405353934,0.00014772014401387423,0.00015742781397420913,0.00016713548393454403,0.00017684315389487892,0.00018655082385521382,0.00019625849381554872,0.00020596616377588362,0.0002156738337362185,0.0002253815036965534,0.0002350891736568883,0.000244796829065308,0.00025450449902564287,0.00026421216898597777,0.00027391983894631267,0.00028362750890664756,0.00029333517886698246,0.00030304284882731736,0.00031275051878765225,0.00032245818874798715]},"_runtime":5317.370226371,"gradients/layers.0.conv.weight":{"bins":[-9.259581020160113e-06,-8.909364623832516e-06,-8.559147318010218e-06,-8.208930921682622e-06,-7.858713615860324e-06,-7.508497219532728e-06,-7.158280368457781e-06,-6.808063517382834e-06,-6.457846666307887e-06,-6.10762981523294e-06,-5.757412964157993e-06,-5.407196113083046e-06,-5.05697971675545e-06,-4.706762865680503e-06,-4.356546014605556e-06,-4.006329163530609e-06,-3.6561123124556616e-06,-3.3058954613807146e-06,-2.9556786103057675e-06,-2.605461986604496e-06,-2.255245135529549e-06,-1.9050282844546018e-06,-1.5548115470664925e-06,-1.2045948096783832e-06,-8.543779586034361e-07,-5.041611643719079e-07,-1.5394437014037976e-07,1.9627242409114842e-07,5.464892183226766e-07,8.967060125542048e-07,1.246922806785733e-06,1.5971395441738423e-06,1.947357304743491e-06,2.297574155818438e-06,2.647791006893385e-06,2.998007630594657e-06,3.348224481669604e-06,3.698441332744551e-06,4.0486579564458225e-06,4.3988748075207695e-06,4.749091658595717e-06,5.099308509670664e-06,5.449525360745611e-06,5.799742211820558e-06,6.149958608148154e-06,6.500175459223101e-06,6.850392310298048e-06,7.200609161372995e-06,7.550826012447942e-06,7.901042408775538e-06,8.251259714597836e-06,8.601476110925432e-06,8.95169341674773e-06,9.301909813075326e-06,9.652127118897624e-06,1.000234351522522e-05,1.0352559911552817e-05,1.0702777217375115e-05,1.105299361370271e-05,1.1403210919525009e-05,1.1753427315852605e-05,1.2103644621674903e-05,1.2453861018002499e-05,1.2804078323824797e-05,1.3154294720152393e-05],"_type":"histogram","values":[1,0,0,0,0,1,2,2,5,8,17,10,12,15,17,17,39,43,79,107,253,352,686,1329,3723,20169,448663,17273,3581,1143,541,303,197,124,109,51,34,40,39,25,29,32,21,21,18,12,9,9,8,5,6,4,3,3,2,2,3,2,0,0,0,0,0,1]},"gradients/layers.1.conv.weight":{"_type":"histogram","values":[1,0,0,0,0,1,0,1,0,0,0,1,1,1,1,1,3,2,11,6,5,10,14,46,57,75,189,198,357,636,1156,2265,4985,14289,58039,1.792052e+06,383843,51100,12330,4554,2236,1112,571,293,234,149,85,63,45,38,41,20,26,7,5,16,16,3,4,5,0,0,0,1],"bins":[-4.008635642094305e-06,-3.897112037520856e-06,-3.785588205573731e-06,-3.6740643736266065e-06,-3.562540541679482e-06,-3.4510167097323574e-06,-3.3394931051589083e-06,-3.2279692732117837e-06,-3.116445441264659e-06,-3.00492183669121e-06,-2.8933980047440855e-06,-2.781874172796961e-06,-2.6703503408498364e-06,-2.5588267362763872e-06,-2.4473029043292627e-06,-2.335779072382138e-06,-2.2242552404350135e-06,-2.1127316358615644e-06,-2.00120780391444e-06,-1.889684085654153e-06,-1.7781602537070285e-06,-1.6666365354467416e-06,-1.555112703499617e-06,-1.4435889852393302e-06,-1.3320652669790434e-06,-1.2205414350319188e-06,-1.109017716771632e-06,-9.974938848245074e-07,-8.859701665642206e-07,-7.744463914605149e-07,-6.629226163568092e-07,-5.513988412531035e-07,-4.3987506614939775e-07,-3.2835129104569205e-07,-2.1682753015284106e-07,-1.0530376215456272e-07,6.220005843715626e-09,1.1774377384199397e-07,2.2926754184027232e-07,3.407913027331233e-07,4.52315077836829e-07,5.638388529405347e-07,6.753626280442404e-07,7.868864031479461e-07,8.98410121408233e-07,1.0099339533553575e-06,1.1214576716156444e-06,1.232981503562769e-06,1.3445052218230558e-06,1.4560289400833426e-06,1.5675527720304672e-06,1.679076490290754e-06,1.7906003222378786e-06,1.9021240404981654e-06,2.01364787244529e-06,2.1251717043924145e-06,2.2366953089658637e-06,2.3482191409129882e-06,2.4597429728601128e-06,2.571266577433562e-06,2.6827904093806865e-06,2.794314241327811e-06,2.9058380732749356e-06,3.0173616778483847e-06,3.1288855097955093e-06]},"best_val_loss":0.0005803852928433376,"gradients/layers.2.conv.bias":{"_type":"histogram","values":[1,0,0,0,0,0,0,0,1,0,2,0,1,0,2,0,1,0,3,1,0,0,2,1,3,1,5,4,4,4,4,5,8,15,54,241,57,11,17,2,3,6,4,5,1,3,6,3,5,1,2,0,1,2,1,0,0,0,0,1,1,0,0,1],"bins":[-2.5880885004880838e-05,-2.514827428967692e-05,-2.4415663574473e-05,-2.3683052859269083e-05,-2.295044032507576e-05,-2.2217829609871842e-05,-2.1485218894667923e-05,-2.0752608179464005e-05,-2.0019997464260086e-05,-1.9287386749056168e-05,-1.8554774214862846e-05,-1.7822163499658927e-05,-1.708955278445501e-05,-1.635694206925109e-05,-1.5624331354047172e-05,-1.4891719729348551e-05,-1.4159109014144633e-05,-1.3426498298940714e-05,-1.2693886674242094e-05,-1.1961275959038176e-05,-1.1228665243834257e-05,-1.0496053619135637e-05,-9.763442903931718e-06,-9.0308321887278e-06,-8.29822056402918e-06,-7.565609848825261e-06,-6.8329991336213425e-06,-6.100387963670073e-06,-5.367776793718804e-06,-4.635166078514885e-06,-3.902554908563616e-06,-3.169943965986022e-06,-2.437333023408428e-06,-1.7047220808308339e-06,-9.721110245664022e-07,-2.3950002514538937e-07,4.931109742756234e-07,1.2257219168532174e-06,1.958333086804487e-06,2.6909440293820808e-06,3.4235549719596747e-06,4.156166141910944e-06,4.888776857114863e-06,5.621388027066132e-06,6.3539991970174015e-06,7.08660991222132e-06,7.819220627425238e-06,8.551832252123859e-06,9.284442967327777e-06,1.0017053682531696e-05,1.0749665307230316e-05,1.1482276022434235e-05,1.2214886737638153e-05,1.2947498362336773e-05,1.3680109077540692e-05,1.441271979274461e-05,1.514533141744323e-05,1.587794213264715e-05,1.6610552847851068e-05,1.7343163563054986e-05,1.8075774278258905e-05,1.8808386812452227e-05,1.9540997527656145e-05,2.0273608242860064e-05,2.1006218958063982e-05]},"epoch":8,"_timestamp":1.7458584603701112e+09,"train_loss":0.0003925113856258763,"gradients/to_out.weight":{"_type":"histogram","values":[1,1,0,0,0,0,0,0,0,0,1,1,2,0,1,2,5,2,5,9,13,14,36,37,59,64,99,157,295,298,186,123,80,85,46,36,23,16,10,5,5,5,4,0,3,1,1,0,0,0,0,0,3,0,1,0,0,0,0,0,0,0,0,1],