{"_timestamp":1.7463744688671074e+09,"gradients/layers.1.conv.bias":{"bins":[-4.7954941692296416e-05,-4.5916760427644476e-05,-4.387857552501373e-05,-4.184039426036179e-05,-3.9802209357731044e-05,-3.7764028093079105e-05,-3.5725846828427166e-05,-3.368766192579642e-05,-3.164948066114448e-05,-2.9611297577503137e-05,-2.7573114493861794e-05,-2.5534933229209855e-05,-2.3496750145568512e-05,-2.145856706192717e-05,-1.942038579727523e-05,-1.7382202713633887e-05,-1.5344019629992545e-05,-1.3305836546351202e-05,-1.126765437220456e-05,-9.22947219805792e-06,-7.191289114416577e-06,-5.153106485522585e-06,-3.114923856628593e-06,-1.0767412277346011e-06,9.614414011593908e-07,2.9996240300533827e-06,5.037806658947375e-06,7.075989287841367e-06,9.114171916735359e-06,1.1152355000376701e-05,1.3190537174523342e-05,1.5228719348669983e-05,1.7266902432311326e-05,1.930508551595267e-05,2.1343268599594012e-05,2.338144986424595e-05,2.5419632947887294e-05,2.7457816031528637e-05,2.9495997296180576e-05,3.153418219881132e-05,3.357236346346326e-05,3.56105447281152e-05,3.764872963074595e-05,3.968691089539789e-05,4.1725092160049826e-05,4.376327706268057e-05,4.580145832733251e-05,4.783964322996326e-05,4.98778244946152e-05,5.1916005759267136e-05,5.395419066189788e-05,5.599237192654982e-05,5.803055682918057e-05,6.006873809383251e-05,6.210691935848445e-05,6.41451042611152e-05,6.618328916374594e-05,6.822146679041907e-05,7.025965169304982e-05,7.229783659568056e-05,7.43360142223537e-05,7.637419912498444e-05,7.841238402761519e-05,8.045056165428832e-05,8.248874655691907e-05],"_type":"histogram","values":[1,0,1,3,2,0,0,1,2,0,2,3,1,2,6,4,2,5,7,10,18,12,55,123,93,30,17,17,18,7,8,7,11,8,2,5,1,1,4,1,3,2,0,1,2,2,0,3,0,1,0,1,0,1,0,0,3,0,0,0,1,0,1,1]},"gradients/layers.0.conv.bias":{"_type":"histogram","values":[1,0,0,0,0,0,0,0,0,0,0,0,0,0,0,0,0,0,0,0,0,0,0,0,2,2,1,0,0,1,0,1,2,4,2,4,3,5,6,5,5,8,44,349,22,7,8,6,9,3,2,1,2,0,0,2,0,1,0,1,1,1,0,1],"bins":[-0.0012254409957677126,-0.001197070931084454,-0.0011687008664011955,-0.001140330801717937,-0.0011119607370346785,-0.00108359067235142,-0.0010552206076681614,-0.0010268505429849029,-0.0009984804783016443,-0.0009701104136183858,-0.0009417403489351273,-0.0009133702842518687,-0.0008850002195686102,-0.0008566301548853517,-0.0008282600902020931,-0.0007998900255188346,-0.0007715199608355761,-0.0007431498961523175,-0.000714779831469059,-0.0006864097667858005,-0.0006580397021025419,-0.0006296696374192834,-0.0006012995727360249,-0.0005729295080527663,-0.0005445594433695078,-0.0005161893786862493,-0.0004878193140029907,-0.0004594492493197322,-0.00043107918463647366,-0.0004027091199532151,-0.0003743390552699566,-0.00034596899058669806,-0.0003175989259034395,-0.000289228861220181,-0.00026085879653692245,-0.00023248873185366392,-0.0002041186671704054,-0.00017574860248714685,-0.00014737853780388832,-0.00011900847312062979,-9.063840843737125e-05,-6.226834375411272e-05,-3.389827907085419e-05,-5.5282143875956535e-06,2.284185029566288e-05,5.1211914978921413e-05,7.958197966217995e-05,0.00010795204434543848,0.00013632210902869701,0.00016469217371195555,0.00019306223839521408,0.00022143230307847261,0.00024980236776173115,0.0002781724324449897,0.0003065424971282482,0.00033491256181150675,0.0003632826264947653,0.0003916526911780238,0.00042002275586128235,0.0004483928205445409,0.0004767628852277994,0.000505132949911058,0.0005335030145943165,0.000561873079277575,0.0005902431439608335]},"_wandb":{"runtime":609},"train_loss":0.0031508844444158904,"gradients/to_out.weight":{"values":[1,0,1,0,0,0,0,0,0,0,1,1,0,1,2,1,1,1,0,2,3,3,4,5,7,7,16,12,17,33,24,30,56,75,150,305,454,188,109,61,44,34,24,13,22,13,11,8,15,7,8,6,3,0,2,3,1,2,1,0,2,0,0,2],"bins":[-0.000595194986090064,-0.000578783277887851,-0.000562371569685638,-0.0005459599196910858,-0.0005295482114888728,-0.0005131365032866597,-0.0004967247950844467,-0.0004803131159860641,-0.00046390140778385103,-0.000447489699581638,-0.0004310780204832554,-0.00041466631228104234,-0.0003982546040788293,-0.0003818429249804467,-0.00036543121677823365,-0.00034901953767985106,-0.000332607829477638,-0.00031619612127542496,-0.00029978444217704237,-0.0002833727339748293,-0.0002669610548764467,-0.0002505493466742337,-0.00023413763847202063,-0.0002177259448217228,-0.00020131425117142498,-0.00018490255752112716,-0.00016849086387082934,-0.0001520791556686163,-0.00013566746201831847,-0.00011925576836802065,-0.00010284406744176522,-8.643236651550978e-05,-7.002067286521196e-05,-5.3608975576935336e-05,-3.719727828865871e-05,-2.078558100038208e-05,-4.373883712105453e-06,1.2037813576171175e-05,2.8449510864447802e-05,4.486120815272443e-05,6.127290544100106e-05,7.768459909129888e-05,9.409630001755431e-05,0.00011050800094380975,0.00012691969459410757,0.0001433313882444054,0.00015974309644661844,0.00017615479009691626,0.00019256648374721408,0.0002089781773975119,0.00022538987104780972,0.00024180157925002277,0.00025821325834840536,0.0002746249665506184,0.00029103667475283146,0.00030744835385121405,0.0003238600620534271,0.00034027177025564015,0.00035668344935402274,0.0003730951575562358,0.00038950686575844884,0.00040591854485683143,0.0004223302530590445,0.00043874193215742707,0.0004551536403596401],"_type":"histogram"},"gradients/layers.0.conv.weight":{"bins":[-0.000297671853331849,-0.0002883164561353624,-0.0002789610589388758,-0.0002696056617423892,-0.00026025029364973307,-0.0002508948964532465,-0.00024153949925675988,-0.0002321841020602733,-0.0002228287048637867,-0.0002134733076673001,-0.0002041179104708135,-0.00019476252782624215,-0.00018540713062975556,-0.00017605173343326896,-0.0001666963507886976,-0.000157340953592211,-0.00014798555639572442,-0.00013863015919923782,-0.00012927476200275123,-0.00011991937935817987,-0.00011056398216169327,-0.00010120858496520668,-9.18531950446777e-05,-8.249780512414873e-05,-7.314240792766213e-05,-6.378701073117554e-05,-5.4431620810646564e-05,-4.507622725213878e-05,-3.572083369363099e-05,-2.6365440135123208e-05,-1.7010046576615423e-05,-7.654653018107638e-06,1.7007696442306042e-06,1.105616320273839e-05,2.0411556761246175e-05,2.976695031975396e-05,3.9122343878261745e-05,4.847773743676953e-05,5.7833130995277315e-05,6.71885209158063e-05,7.654391811229289e-05,8.589931530877948e-05,9.525470522930846e-05,0.00010461009514983743,0.00011396549234632403,0.00012332088954281062,0.00013267627218738198,0.00014203166938386858,0.00015138706658035517,0.00016074246377684176,0.00017009786097332835,0.00017945324361789972,0.0001888086408143863,0.0001981640380108729,0.00020751942065544426,0.00021687481785193086,0.00022623021504841745,0.00023558561224490404,0.00024494100944139063,0.0002542964066378772,0.00026365177473053336,0.00027300717192701995,0.00028236256912350655,0.00029171796631999314,0.00030107336351647973],"_type":"histogram","values":[2,1,0,2,0,1,1,1,3,4,1,2,18,27,19,30,15,29,45,68,72,104,111,176,221,359,506,960,1870,3851,11961,572760,47554,6934,2851,1416,719,433,262,225,172,140,87,51,56,29,30,40,34,25,15,4,6,10,3,5,0,9,0,0,2,1,0,3]},"val_loss":0.005198008397967569,"best_val_loss":0.0043387224925516485,"gradients/to_out.bias":{"values":[1,0,0,0,0,0,0,1,0,0,0,1,0,0,0,1,1,0,0,0,0,1,0,0,0,0,1,0,1,0,0,1,1,1,0,0,0,0,0,0,0,0,0,0,0,0,0,1,0,0,0,0,0,0,0,1,0,0,0,0,0,0,0,1],