{"best_val_loss":0.020898302752189162,"_wandb":{"runtime":54},"_timestamp":1.746628769529069e+09,"_runtime":54.864604624,"_step":25,"epoch":15,"train_loss":0.016677274980715345,"val_loss":0.02217789704942308}