{"epoch":2,"best_val_loss":0.0024015903909457847,"_wandb":{"runtime":41},"train_loss":0.0027168789241709805,"val_loss":0.0024015903909457847,"_timestamp":1.7458495949243546e+09,"_runtime":41.662121935,"_step":3}