{"_wandb":{"runtime":19},"epoch":5,"train_loss":0.057827264637252615,"val_loss":0.030622137465073678,"_timestamp":1.748450181543961e+09,"_runtime":19.232675274,"_step":8,"best_val_loss":0.030622137465073678}