{"epoch":68,"train_loss":0.00024342245787153504,"gradients/to_out.bias":{"bins":[-0.0001472902949899435,-0.00014453395851887763,-0.00014177763659972697,-0.0001390213001286611,-0.00013626497820951045,-0.00013350864173844457,-0.0001307523052673787,-0.00012799598334822804,-0.00012523964687716216,-0.0001224833249580115,-0.00011972698848694563,-0.00011697065929183736,-0.0001142143300967291,-0.00011145800090162084,-0.00010870166443055496,-0.00010594533523544669,-0.00010318900604033843,-0.00010043267684523016,-9.76763476501219e-05,-9.492001117905602e-05,-9.216368198394775e-05,-8.940735278883949e-05,-8.665102359373122e-05,-8.389469439862296e-05,-8.11383652035147e-05,-7.838202873244882e-05,-7.562569953734055e-05,-7.286937034223229e-05,-7.011304114712402e-05,-6.735671195201576e-05,-6.460037548094988e-05,-6.184404628584161e-05,-5.9087724366690964e-05,-5.63313951715827e-05,-5.357506233849563e-05,-5.081873314338736e-05,-4.806240031030029e-05,-4.5306071115192026e-05,-4.254974192008376e-05,-3.979340908699669e-05,-3.7037079891888425e-05,-3.428075069678016e-05,-3.152441786369309e-05,-2.8768088668584824e-05,-2.6011757654487155e-05,-2.3255426640389487e-05,-2.0499097445281222e-05,-1.7742766431183554e-05,-1.4986435417085886e-05,-1.2230104402988218e-05,-9.473774298385251e-06,-6.717443739034934e-06,-3.961113179684617e-06,-1.2047826203342993e-06,1.551547939016018e-06,4.307878498366335e-06,7.064209057716653e-06,9.820540071814321e-06,1.2576870176417287e-05,1.5333200281020254e-05,1.8089531295117922e-05,2.084586230921559e-05,2.3602191504323855e-05,2.6358522518421523e-05,2.911485353251919e-05],"_type":"histogram","values":[1,0,0,0,0,0,0,0,0,0,0,0,0,0,0,0,0,0,0,0,1,0,0,0,0,0,0,0,0,0,0,0,0,1,0,0,0,0,0,0,0,1,0,0,0,1,1,0,1,2,0,0,0,0,1,0,1,0,1,0,0,1,0,1]},"_step":90,"gradients/layers.1.conv.bias":{"_type":"histogram","values":[1,1,0,2,3,3,0,2,2,6,4,4,4,5,14,22,93,205,56,25,13,1,6,1,2,4,3,1,1,2,2,1,1,1,1,0,0,1,0,0,1,1,0,0,0,0,0,0,0,0,0,0,0,0,0,0,0,0,0,0,0,0,0,1],"bins":[-3.566313125702436e-06,-3.3594633350730874e-06,-3.152613771817414e-06,-2.9457639811880654e-06,-2.738914417932392e-06,-2.5320646273030434e-06,-2.32521506404737e-06,-2.1183652734180214e-06,-1.9115154827886727e-06,-1.7046659195329994e-06,-1.4978162425904884e-06,-1.2909665656479774e-06,-1.0841167750186287e-06,-8.772671549195366e-07,-6.704174211336067e-07,-4.635677441910957e-07,-2.567180672485847e-07,-4.986837609521899e-08,1.5698131505814672e-07,3.6383102042236715e-07,5.706806973648781e-07,7.775303743073891e-07,9.84380108093319e-07,1.19122978503583e-06,1.398079461978341e-06,1.604929138920852e-06,1.811778815863363e-06,2.018628492805874e-06,2.2254782834352227e-06,2.432327846690896e-06,2.6391776373202447e-06,2.846027200575918e-06,3.0528767638315912e-06,3.25972655446094e-06,3.4665761177166132e-06,3.673425908345962e-06,3.880275471601635e-06,4.0871250348573085e-06,4.293975052860333e-06,4.500824616116006e-06,4.707674179371679e-06,4.914524197374703e-06,5.121373760630377e-06,5.32822332388605e-06,5.535072887141723e-06,5.741922905144747e-06,5.948772468400421e-06,6.155622031656094e-06,6.362472049659118e-06,6.569321612914791e-06,6.776171176170465e-06,6.983020739426138e-06,7.189870757429162e-06,7.396720320684835e-06,7.603569883940509e-06,7.810419447196182e-06,8.017269465199206e-06,8.22411948320223e-06,8.430968591710553e-06,8.637818609713577e-06,8.844667718221899e-06,9.051517736224923e-06,9.258367754227947e-06,9.46521686273627e-06,9.672066880739294e-06]},"gradients/to_out.weight":{"values":[1,0,0,0,0,0,0,0,0,0,0,0,0,0,0,0,0,0,1,0,0,0,0,0,0,0,1,0,0,2,0,0,0,2,2,0,4,1,7,4,8,11,27,44,119,804,511,105,29,16,14,2,5,7,2,2,0,1,0,0,1,1,0,2],"bins":[-5.49752548977267e-05,-5.37770138180349e-05,-5.2578772738343105e-05,-5.138053165865131e-05,-5.018229057895951e-05,-4.898404949926771e-05,-4.778580478159711e-05,-4.658756370190531e-05,-4.538932262221351e-05,-4.4191081542521715e-05,-4.299284046282992e-05,-4.179459938313812e-05,-4.059635830344632e-05,-3.9398117223754525e-05,-3.819987614406273e-05,-3.700163506437093e-05,-3.580339398467913e-05,-3.460514926700853e-05,-3.340690818731673e-05,-3.220866710762493e-05,-3.1010426027933136e-05,-2.9812184948241338e-05,-2.861394386854954e-05,-2.7415702788857743e-05,-2.6217461709165946e-05,-2.5019218810484745e-05,-2.3820977730792947e-05,-2.262273665110115e-05,-2.1424495571409352e-05,-2.0226254491717555e-05,-1.9028011593036354e-05,-1.7829770513344556e-05,-1.6631531252642162e-05,-1.5433290172950365e-05,-1.4235048183763865e-05,-1.3036807104072068e-05,-1.1838565114885569e-05,-1.0640324035193771e-05,-9.442082955501974e-06,-8.243840966315474e-06,-7.045599886623677e-06,-5.8473583521845285e-06,-4.64911681774538e-06,-3.4508757380535826e-06,-2.2526342036144342e-06,-1.0543927828621236e-06,1.438486378901871e-07,1.3420900586424978e-06,2.5403314793948084e-06,3.738573013833957e-06,4.936814548273105e-06,6.135055627964903e-06,7.333297162404051e-06,8.5315386968432e-06,9.729779776534997e-06,1.0928021765721496e-05,1.2126262845413294e-05,1.3324503925105091e-05,1.452274591429159e-05,1.5720986993983388e-05,1.6919228073675185e-05,1.8117469153366983e-05,1.9315712052048184e-05,2.051395313173998e-05,2.171219421143178e-05],"_type":"histogram"},"gradients/layers.0.conv.bias":{"bins":[-2.3965141735970974e-05,-2.3160864657256752e-05,-2.2356585759553127e-05,-2.1552308680838905e-05,-2.074802978313528e-05,-1.9943752704421058e-05,-1.9139473806717433e-05,-1.833519672800321e-05,-1.7530917830299586e-05,-1.6726640751585364e-05,-1.5922363672871143e-05,-1.5118084775167517e-05,-1.4313807696453296e-05,-1.3509529708244372e-05,-1.2705251720035449e-05,-1.1900973731826525e-05,-1.1096695743617602e-05,-1.0292417755408678e-05,-9.488139767199755e-06,-8.683861778990831e-06,-7.879583790781908e-06,-7.075306257320335e-06,-6.2710287238587625e-06,-5.466750735649839e-06,-4.6624727474409156e-06,-3.858194759231992e-06,-3.053916998396744e-06,-2.249639237561496e-06,-1.4453612493525725e-06,-6.410833748304867e-07,1.6319449969159905e-07,9.674723742136848e-07,1.771748429746367e-06,2.5760264179552905e-06,3.3803041787905386e-06,4.184581939625787e-06,4.98885992783471e-06,5.793137916043634e-06,6.597415449505206e-06,7.40169343771413e-06,8.205971425923053e-06,9.010249414131977e-06,9.8145274023409e-06,1.0618805390549824e-05,1.1423082469264045e-05,1.2227360457472969e-05,1.3031638445681892e-05,1.3835916433890816e-05,1.464019442209974e-05,1.544447150081396e-05,1.6248750398517586e-05,1.7053027477231808e-05,1.7857306374935433e-05,1.8661583453649655e-05,1.946586235135328e-05,2.0270139430067502e-05,2.1074418327771127e-05,2.187869540648535e-05,2.268297248519957e-05,2.3487251382903196e-05,2.4291528461617418e-05,2.5095807359321043e-05,2.5900084438035265e-05,2.670436333573889e-05,2.750864041445311e-05],"_type":"histogram","values":[1,0,1,0,0,0,0,1,0,0,0,1,0,0,0,2,1,0,2,0,2,0,2,3,3,3,1,2,12,153,33,4,4,1,2,1,3,3,1,3,3,1,1,0,1,1,0,2,1,0,0,0,0,0,0,0,0,0,0,0,0,0,0,1]},"_runtime":46552.809211843,"gradients/layers.1.conv.weight":{"_type":"histogram","values":[1,0,1,1,0,4,4,7,10,13,14,22,24,29,58,96,114,126,217,361,683,1224,2383,4838,11049,39385,1.54114e+06,672945,36018,10930,4646,2082,1136,623,366,209,137,79,69,49,22,19,16,17,2,6,0,0,0,0,0,0,0,0,0,2,2,1,2,2,2,3,4,7],