{"_step":35,"epoch":20,"train_loss":0.010661892632820776,"val_loss":0.009286165012320354,"_timestamp":1.7464501664125917e+09,"_runtime":43.960440886,"best_val_loss":0.009286165012320354,"_wandb":{"runtime":43}}