{"_timestamp":1.7456769858077133e+09,"gradients/graph_1layers.1.conv.bias":{"bins":[-0.035860516130924225,-0.0340733602643013,-0.03228620067238808,-0.030499042943120003,-0.02871188521385193,-0.026924727484583855,-0.02513756975531578,-0.023350412026047707,-0.021563254296779633,-0.019776098430156708,-0.017988940700888634,-0.01620178297162056,-0.014414625242352486,-0.012627467513084412,-0.010840309783816338,-0.009053152054548264,-0.0072659943252801895,-0.0054788365960121155,-0.003691679099574685,-0.0019045214867219329,-0.00011736387386918068,0.0016697937389835715,0.0034569513518363237,0.005244108848273754,0.007031266577541828,0.008818424306809902,0.010605582036077976,0.01239273976534605,0.01417989656329155,0.015967054292559624,0.017754212021827698,0.019541369751095772,0.021328527480363846,0.02311568520963192,0.024902842938899994,0.026690000668168068,0.028477158397436142,0.030264316126704216,0.03205147385597229,0.033838629722595215,0.03562578931450844,0.03741294518113136,0.039200104773044586,0.04098726063966751,0.042774420231580734,0.04456157609820366,0.04634873569011688,0.04813589155673981,0.04992304742336273,0.051710207015275955,0.05349736288189888,0.0552845224738121,0.05707167834043503,0.05885883793234825,0.060645993798971176,0.0624331533908844,0.06422030925750732,0.06600746512413025,0.06779462844133377,0.0695817843079567,0.07136894017457962,0.07315609604120255,0.07494325935840607,0.07673041522502899,0.07851757109165192],"_type":"histogram","values":[3,1,1,0,0,0,2,0,0,1,1,1,2,1,4,1,6,5,10,39,101,41,12,3,0,5,2,4,0,1,0,1,1,0,0,1,0,1,1,0,0,0,1,0,0,0,1,1,0,0,0,0,0,0,0,0,0,0,0,0,0,0,0,1]},"_wandb":{"runtime":772},"train_loss":15.881568944597818,"gradients/graph_1to_out.bias":{"values":[1,0,0,0,0,0,0,0,0,0,0,0,0,0,0,0,0,0,0,0,0,0,0,1,0,0,0,1,0,0,0,0,0,0,0,0,0,0,0,0,0,0,0,0,0,0,0,3,0,0,0,1,2,0,1,0,1,0,2,0,0,0,0,1],"bins":[-0.11470933258533478,-0.1121099665760994,-0.10951060056686401,-0.10691123455762863,-0.10431187599897385,-0.10171250998973846,-0.09911314398050308,-0.0965137779712677,-0.09391441196203232,-0.09131504595279694,-0.08871568739414215,-0.08611632138490677,-0.08351695537567139,-0.080917589366436,-0.07831822335720062,-0.07571885734796524,-0.07311949133872986,-0.07052013278007507,-0.06792076677083969,-0.06532140076160431,-0.06272203475236893,-0.06012267246842384,-0.05752330645918846,-0.05492394044995308,-0.052324578166007996,-0.049725212156772614,-0.04712584614753723,-0.04452648013830185,-0.041927117854356766,-0.039327751845121384,-0.036728385835886,-0.03412902355194092,-0.031529657542705536,-0.028930293396115303,-0.02633092738687992,-0.023731563240289688,-0.021132197231054306,-0.018532833084464073,-0.01593346893787384,-0.013334103859961033,-0.010734738782048225,-0.008135373704135418,-0.005536009091883898,-0.002936644246801734,-0.00033727940171957016,0.0022620854433625937,0.0048614502884447575,0.007460814900696278,0.010060179978609085,0.012659545056521893,0.0152589101344347,0.017858274281024933,0.020457640290260315,0.023057004436850548,0.02565636858344078,0.028255734592676163,0.030855098739266396,0.03345446288585663,0.03605382889509201,0.03865319490432739,0.041252557188272476,0.04385192319750786,0.04645128920674324,0.049050651490688324,0.051650017499923706],"_type":"histogram"},"best_val_loss":20.382772762860572,"_runtime":772.679280163,"gradients/graph_1layers.0.conv.weight":{"_type":"histogram","values":[1,0,0,0,3,0,0,0,0,1,2,1,0,0,0,1,1,1,2,2,1,4,3,3,3,2,1,3,3,5,7,1,0,2,0,2,7,15,11,19,19,17,54,97,249,918,31662,144865,1088,308,110,53,27,24,28,12,26,13,8,3,6,9,5,4],"bins":[-0.6126061677932739,-0.599581241607666,-0.5865563154220581,-0.5735313892364502,-0.5605064034461975,-0.5474814772605896,-0.5344565510749817,-0.5214316248893738,-0.5084066987037659,-0.49538174271583557,-0.48235681653022766,-0.46933189034461975,-0.45630693435668945,-0.44328200817108154,-0.43025708198547363,-0.41723212599754333,-0.4042071998119354,-0.3911822736263275,-0.3781573176383972,-0.3651323914527893,-0.3521074652671814,-0.3390825092792511,-0.3260575830936432,-0.3130326569080353,-0.300007700920105,-0.28698277473449707,-0.27395784854888916,-0.26093292236328125,-0.24790796637535095,-0.23488304018974304,-0.22185809910297394,-0.20883317291736603,-0.19580820202827454,-0.18278326094150543,-0.16975833475589752,-0.15673339366912842,-0.1437084674835205,-0.1306835263967514,-0.1176585853099823,-0.10463365167379379,-0.09160871803760529,-0.07858378440141678,-0.06555885076522827,-0.05253390967845917,-0.03950897604227066,-0.026484040543437004,-0.013459105044603348,-0.00043416954576969147,0.012590765953063965,0.02561570145189762,0.03864063695073128,0.05166557431221008,0.06469050794839859,0.0777154415845871,0.0907403826713562,0.10376531630754471,0.11679024994373322,0.12981519103050232,0.14284011721611023,0.15586505830287933,0.16888999938964844,0.18191492557525635,0.19493986666202545,0.20796479284763336,0.22098973393440247]},"gradients/graph_1layers.0.conv.bias":{"values":[1,0,0,0,0,0,0,0,0,0,0,0,0,0,0,0,0,0,0,0,0,1,1,1,0,0,1,0,0,2,0,0,3,4,2,8,12,39,152,6,3,2,5,4,4,0,0,0,1,0,3,0,0,0,0,0,0,0,0,0,0,0,0,1],"bins":[-0.25873318314552307,-0.25195035338401794,-0.24516750872135162,-0.2383846640586853,-0.23160183429718018,-0.22481898963451385,-0.21803614497184753,-0.2112533152103424,-0.2044704705476761,-0.19768762588500977,-0.19090479612350464,-0.18412195146083832,-0.177339106798172,-0.17055627703666687,-0.16377343237400055,-0.15699060261249542,-0.1502077579498291,-0.14342491328716278,-0.13664208352565765,-0.12985923886299133,-0.12307640165090561,-0.11629356443881989,-0.10951071977615356,-0.10272788256406784,-0.09594504535198212,-0.08916220813989639,-0.08237937092781067,-0.07559652626514435,-0.06881368905305862,-0.0620308518409729,-0.05524801090359688,-0.048465169966220856,-0.041682347655296326,-0.0348995104432106,-0.02811666950583458,-0.021333830431103706,-0.014550991356372833,-0.00776815228164196,-0.000985313206911087,0.005797525867819786,0.01258036494255066,0.019363204017281532,0.026146043092012405,0.03292888402938843,0.03971172124147415,0.046494558453559875,0.0532773993909359,0.06006024032831192,0.06684307754039764,0.07362591475248337,0.08040875196456909,0.08719159662723541,0.09397443383932114,0.10075727105140686,0.10754011571407318,0.1143229529261589,0.12110579013824463,0.12788863480091095,0.13467146456241608,0.1414543092250824,0.14823713898658752,0.15501998364925385,0.16180282831192017,0.1685856580734253,0.1753685027360916],"_type":"histogram"},"_step":19,"val_loss":20.382772762860572,"gradients/graph_1layers.1.conv.weight":{"values":[5,1,3,0,0,0,0,5,21,12,10,11,25,30,21,36,59,102,138,193,296,353,488,575,705,955,1328,1769,3252,8975,37172,188354,31744,8064,3175,1863,1220,832,813,621,472,323,245,130,105,132,93,27,41,48,22,7,16,7,1,4,4,0,0,0,0,0,3,6],