{"_runtime":290.30110589,"_timestamp":1.7466326352675128e+09,"best_val_loss":0.009543962765626291,"train_loss":0.006235325855336019,"val_loss":0.009864365172206084,"_step":49,"_wandb":{"runtime":295},"epoch":36}