{"best_val_loss":0.01471439530516829,"gradients/to_out.bias":{"_type":"histogram","values":[1,0,0,0,0,0,0,0,0,0,0,0,0,1,0,0,0,0,0,0,0,0,0,0,0,0,0,0,0,0,0,0,0,0,0,1,0,0,0,1,0,0,0,0,0,0,0,1,1,0,1,0,1,0,0,0,0,2,0,1,1,1,0,1],"bins":[-0.006782772950828075,-0.006606942042708397,-0.006431111600250006,-0.006255280692130327,-0.006079449784010649,-0.0059036193415522575,-0.005727788433432579,-0.0055519575253129005,-0.005376127082854509,-0.005200296174734831,-0.005024465266615152,-0.004848634824156761,-0.004672803916037083,-0.004496973007917404,-0.004321142565459013,-0.0041453116573393345,-0.003969481214880943,-0.003793650306761265,-0.0036178193986415863,-0.0034419887233525515,-0.0032661580480635166,-0.003090327139943838,-0.0029144964646548033,-0.0027386657893657684,-0.00256283488124609,-0.002387004205957055,-0.0022111735306680202,-0.0020353428553789854,-0.001859511947259307,-0.001683681271970272,-0.0015078504802659154,-0.0013320198049768806,-0.0011561890132725239,-0.0009803582215681672,-0.0008045275462791324,-0.0006286967545747757,-0.00045286602107807994,-0.0002770352875813842,-0.00010120452498085797,7.462622306775302e-05,0.000250456971116364,0.00042628770461305976,0.0006021184381097555,0.0007779492298141122,0.0009537799633108079,0.0011296106968075037,0.0013054414885118604,0.0014812721638008952,0.0016571029555052519,0.0018329337472096086,0.0020087645389139652,0.002184595214203,0.002360425889492035,0.0025362567976117134,0.0027120874729007483,0.002887918148189783,0.0030637490563094616,0.0032395797315984964,0.0034154104068875313,0.003591241082176566,0.0037670719902962446,0.0039429026655852795,0.004118733573704958,0.004294564016163349,0.004470394924283028]},"gradients/layers.0.conv.bias":{"bins":[-0.0022897825110703707,-0.002199627459049225,-0.002109472407028079,-0.002019317355006933,-0.0019291623029857874,-0.0018390071345493197,-0.001748852082528174,-0.001658697030507028,-0.0015685419784858823,-0.0014783869264647365,-0.0013882318744435906,-0.0012980768224224448,-0.0012079216539859772,-0.0011177666019648314,-0.0010276115499436855,-0.0009374564979225397,-0.0008473014459013939,-0.0007571463938802481,-0.0006669913418591022,-0.0005768362316302955,-0.0004866811796091497,-0.0003965261275880039,-0.0003063710464630276,-0.00021621597988996655,-0.0001260609133169055,-3.590584674384445e-05,5.42492198292166e-05,0.00014440428640227765,0.0002345593529753387,0.0003247144049964845,0.0004148694861214608,0.0005050245672464371,0.0005951796192675829,0.0006853346712887287,0.0007754897233098745,0.0008656448335386813,0.0009557998855598271,0.0010459549957886338,0.0011361100478097796,0.0012262650998309255,0.0013164201518520713,0.001406575203873217,0.001496730255894363,0.0015868853079155087,0.0016770404763519764,0.0017671955283731222,0.001857350580394268,0.0019475056324154139,0.0020376606844365597,0.0021278157364577055,0.0022179707884788513,0.002308125840499997,0.002398280892521143,0.0024884359445422888,0.0025785909965634346,0.0026687460485845804,0.0027589011006057262,0.0028490563854575157,0.0029392114374786615,0.0030293664894998074,0.003119521541520953,0.003209676593542099,0.003299831645563245,0.0033899866975843906,0.0034801417496055365],"_type":"histogram","values":[1,1,0,0,0,0,0,2,0,2,0,0,2,2,1,2,1,0,2,5,2,8,9,9,34,372,11,7,5,7,5,3,1,7,1,2,1,0,2,0,0,2,0,0,1,0,0,0,1,0,0,0,0,0,0,0,0,0,0,0,0,0,0,1]},"gradients/layers.1.conv.weight":{"bins":[-0.0003180860367137939,-0.0003073943080380559,-0.00029670255025848746,-0.0002860108215827495,-0.0002753190929070115,-0.00026462736423127353,-0.00025393563555553555,-0.00024324387777596712,-0.00023255214910022914,-0.00022186042042449117,-0.00021116867719683796,-0.00020047693396918476,-0.00018978520529344678,-0.0001790934766177088,-0.0001684017333900556,-0.0001577099901624024,-0.00014701826148666441,-0.00013632653281092644,-0.00012563478958327323,-0.00011494305363157764,-0.00010425131767988205,-9.355958172818646e-05,-8.286784577649087e-05,-7.217610982479528e-05,-6.148437387309968e-05,-5.0792637921404094e-05,-4.01009019697085e-05,-2.940916601801291e-05,-1.871743006631732e-05,-8.025694114621729e-06,2.6660418370738626e-06,1.3357777788769454e-05,2.4049513740465045e-05,3.4741249692160636e-05,4.543298564385623e-05,5.612472159555182e-05,6.681645754724741e-05,7.7508193498943e-05,8.819992945063859e-05,9.889166540233418e-05,0.00010958340135402977,0.00012027513730572537,0.00013096687325742096,0.00014165861648507416,0.00015235034516081214,0.00016304207383655012,0.00017373381706420332,0.00018442556029185653,0.0001951172889675945,0.00020580901764333248,0.0002165007608709857,0.0002271925040986389,0.00023788423277437687,0.00024857596145011485,0.0002592676901258528,0.00026995944790542126,0.00028065117658115923,0.0002913429052568972,0.00030203466303646564,0.0003127263917122036,0.0003234181203879416,0.0003341098490636796,0.00034480157773941755,0.000355493335518986,0.00036618506419472396],"_type":"histogram","values":[9,0,0,0,0,0,3,3,5,7,2,1,14,37,31,32,41,32,94,100,213,311,445,706,1227,2339,4757,11978,41947,956112,121572,21938,7686,3520,1741,988,597,425,266,143,110,55,30,29,31,30,14,2,3,2,2,3,6,0,0,0,0,0,0,0,0,0,3,6]},"_runtime":287.352257674,"gradients/to_out.weight":{"values":[3,0,1,2,2,2,3,5,3,3,2,5,7,5,7,9,15,12,16,16,14,16,26,14,27,18,39,64,111,211,281,256,130,81,46,52,53,30,33,22,24,16,23,9,10,5,10,9,10,9,3,5,1,4,4,0,2,2,0,1,0,0,2,1],"bins":[-0.0021565749775618315,-0.0020868144929409027,-0.0020170542411506176,-0.0019472937565296888,-0.001877533388324082,-0.001807773020118475,-0.0017380125354975462,-0.0016682521672919393,-0.0015984917990863323,-0.0015287314308807254,-0.0014589710626751184,-0.0013892105780541897,-0.0013194502098485827,-0.0012496898416429758,-0.001179929357022047,-0.00111016898881644,-0.0010404086206108332,-0.0009706482524052262,-0.0009008878259919584,-0.0008311273995786905,-0.0007613670313730836,-0.0006916066631674767,-0.0006218462367542088,-0.000552085810340941,-0.000482325442135334,-0.0004125650448258966,-0.0003428046475164592,-0.00027304425020702183,-0.00020328385289758444,-0.00013352345558814704,-6.376305827870965e-05,5.997339030727744e-06,7.575750350952148e-05,0.00014551790081895888,0.00021527829812839627,0.00028503869543783367,0.00035479909274727106,0.00042455949005670846,0.0004943198873661458,0.0005640803137794137,0.0006338406819850206,0.0007036010501906276,0.0007733614766038954,0.0008431219030171633,0.0009128822712227702,0.0009826426394283772,0.001052403124049306,0.0011221634922549129,0.0011919238604605198,0.0012616842286661267,0.0013314445968717337,0.0014012050814926624,0.0014709654496982694,0.0015407258179038763,0.001610486302524805,0.001680246670730412,0.001750007038936019,0.0018197674071416259,0.0018895277753472328,0.0019592882599681616,0.0020290487445890903,0.0020988089963793755,0.0021685694810003042,0.0022383297327905893,0.002308090217411518],"_type":"histogram"},"val_loss":0.015883485848410716,"train_loss":0.01099644586377378,"_step":27,