{"_step":44,"gradients/to_out.bias":{"values":[1,0,1,0,0,0,0,0,0,0,0,0,0,1,0,0,0,0,0,0,0,1,1,0,1,1,0,1,0,0,0,1,0,0,0,0,1,0,0,0,0,0,0,2,0,0,0,0,1,0,0,0,0,0,0,0,0,0,0,0,0,0,0,1],"bins":[-0.0009949847590178251,-0.0009274842450395226,-0.0008599836728535593,-0.0007924831006675959,-0.0007249825866892934,-0.0006574820727109909,-0.0005899815005250275,-0.0005224809283390641,-0.00045498041436076164,-0.0003874798712786287,-0.00031997932819649577,-0.00025247878511436284,-0.0001849782420322299,-0.00011747769895009696,-4.997715586796403e-05,1.7523387214168906e-05,8.502393029630184e-05,0.00015252447337843478,0.0002200250164605677,0.00028752555954270065,0.0003550261026248336,0.0004225266457069665,0.0004900271887890995,0.0005575277609750628,0.0006250282749533653,0.0006925287889316678,0.0007600293611176312,0.0008275299333035946,0.0008950304472818971,0.0009625309612601995,0.0010300315916538239,0.0010975321056321263,0.0011650326196104288,0.0012325331335887313,0.0013000336475670338,0.001367534277960658,0.0014350347919389606,0.001502535305917263,0.0015700359363108873,0.0016375364502891898,0.0017050369642674923,0.0017725374782457948,0.0018400379922240973,0.0019075386226177216,0.001975039020180702,0.0020425396505743265,0.002110040280967951,0.0021775406785309315,0.0022450413089245558,0.00231254193931818,0.0023800423368811607,0.002447542967274785,0.0025150435976684093,0.00258254399523139,0.0026500446256250143,0.002717545023187995,0.0027850456535816193,0.0028525462839752436,0.0029200466815382242,0.0029875473119318485,0.003055047709494829,0.0031225483398884535,0.003190048970282078,0.0032575493678450584,0.0033250499982386827],"_type":"histogram"},"best_val_loss":0.005751755056567313,"val_loss":0.008146846783899158,"epoch":40,"_runtime":527.160599866,"gradients/to_out.weight":{"_type":"histogram","values":[1,0,0,0,1,0,0,0,1,0,0,0,1,1,0,0,0,2,0,2,3,3,3,3,5,8,5,11,7,19,46,88,192,434,497,185,113,45,30,20,13,11,9,7,8,3,3,2,1,0,0,5,2,1,0,0,0,0,0,0,0,0,0,1],"bins":[-0.002033055992797017,-0.0019734310917556286,-0.00191380619071424,-0.0018541812896728516,-0.001794556388631463,-0.0017349313711747527,-0.0016753064701333642,-0.0016156815690919757,-0.0015560566680505872,-0.0014964317670091987,-0.0014368068659678102,-0.0013771819649264216,-0.0013175569474697113,-0.0012579320464283228,-0.0011983071453869343,-0.0011386822443455458,-0.0010790573433041573,-0.0010194324422627687,-0.0009598075412213802,-0.0009001825819723308,-0.0008405576809309423,-0.0007809327798895538,-0.0007213078206405044,-0.0006616829195991158,-0.0006020580185577273,-0.0005424331175163388,-0.00048280818737111986,-0.0004231832572259009,-0.0003635583561845124,-0.00030393345514312387,-0.0002443085249979049,-0.00018468360940460116,-0.00012505869381129742,-6.543377821799368e-05,-5.808862624689937e-06,5.38160529686138e-05,0.00011344096856191754,0.00017306588415522128,0.00023269079974852502,0.000292315729893744,0.0003519406309351325,0.000411565531976521,0.00047119046212174,0.000530815392266959,0.0005904402933083475,0.000650065194349736,0.0007096901535987854,0.0007693150546401739,0.0008289399556815624,0.0008885648567229509,0.0009481897577643394,0.001007814658805728,0.0010674395598471165,0.0011270645773038268,0.0011866894783452153,0.0012463143793866038,0.0013059392804279923,0.0013655641814693809,0.0014251890825107694,0.0014848139835521579,0.0015444390010088682,0.0016040639020502567,0.0016636888030916452,0.0017233137041330338,0.0017829386051744223]},"train_loss":0.0032779506698716434,"gradients/layers.0.conv.bias":{"_type":"histogram","values":[1,0,0,0,0,0,0,0,0,0,0,0,1,2,0,1,0,1,0,3,1,0,1,1,4,2,1,6,5,4,5,2,6,5,7,376,23,6,6,4,4,3,6,3,3,1,4,2,1,2,4,1,2,0,0,0,0,0,0,0,0,0,1,1],"bins":[-0.00366889126598835,-0.003566191764548421,-0.0034634920302778482,-0.0033607925288379192,-0.0032580930273979902,-0.0031553935259580612,-0.0030526937916874886,-0.0029499942902475595,-0.0028472947888076305,-0.002744595054537058,-0.002641895553097129,-0.0025391960516572,-0.002436496550217271,-0.002333796815946698,-0.002231097314506769,-0.00212839781306684,-0.002025698311626911,-0.0019229985773563385,-0.0018202990759164095,-0.0017175994580611587,-0.0016148999566212296,-0.0015122003387659788,-0.0014095008373260498,-0.001306801219470799,-0.0012041016016155481,-0.0011014021001756191,-0.0009987024823203683,-0.0008960029808804393,-0.0007933033630251884,-0.0006906038033775985,-0.0005879042437300086,-0.0004852046840824187,-0.00038250512443482876,-0.00027980556478723884,-0.00017710599058773369,-7.440642366418615e-05,2.8293143259361386e-05,0.0001309927029069513,0.00023369227710645646,0.0003363918513059616,0.00043909141095355153,0.0005417909706011415,0.0006444905302487314,0.0007471900898963213,0.0008498897077515721,0.000952589267399162,0.001055288827046752,0.001157988328486681,0.0012606879463419318,0.0013633875641971827,0.0014660870656371117,0.0015687866834923625,0.0016714861849322915,0.0017741858027875423,0.0018768853042274714,0.0019795848056674004,0.002082284539937973,0.002184984041377902,0.002287683542817831,0.0023903832770884037,0.0024930827785283327,0.0025957822799682617,0.0026984817814081907,0.0028011815156787634,0.0029038810171186924]},"_timestamp":1.7463654382137713e+09,"gradients/layers.1.conv.bias":{"values":[1,0,0,0,0,0,2,4,1,1,1,4,3,1,1,4,5,4,2,13,7,6,16,85,249,40,8,9,3,6,5,6,6,4,2,1,1,2,1,0,0,2,2,0,0,1,0,1,1,0,0,0,0,0,0,0,0,0,0,0,0,0,0,1],"bins":[-0.0003703516267705709,-0.0003551968256942928,-0.00034004205372184515,-0.0003248872817493975,-0.0003097324806731194,-0.00029457767959684134,-0.0002794229076243937,-0.00026426813565194607,-0.000249113334575668,-0.00023395854805130512,-0.00021880376152694225,-0.0002036489750025794,-0.00018849418847821653,-0.00017333940195385367,-0.0001581846154294908,-0.00014302982890512794,-0.00012787504238076508,-0.00011272025585640222,-9.756546933203936e-05,-8.24106828076765e-05,-6.725589628331363e-05,-5.210110975895077e-05,-3.694632323458791e-05,-2.1791536710225046e-05,-6.6367501858621836e-06,8.518036338500679e-06,2.367282286286354e-05,3.88276093872264e-05,5.3982395911589265e-05,6.913718243595213e-05,8.429196896031499e-05,9.944675548467785e-05,0.00011460151290521026,0.00012975629942957312,0.00014491108595393598,0.00016006587247829884,0.0001752206590026617,0.00019037544552702457,0.00020553023205138743,0.0002206850185757503,0.00023583980510011315,0.0002509945770725608,0.0002661493781488389,0.00028130417922511697,0.0002964589511975646,0.00031161372317001224,0.0003267685242462903,0.0003419233253225684,0.00035707809729501605,0.0003722328692674637,0.0003873876703437418,0.00040254247142001987,0.0004176972433924675,0.00043285201536491513,0.0004480068164411932,0.0004631616175174713,0.00047831638948991895,0.0004934711614623666,0.0005086259916424751,0.0005237807636149228,0.0005389355355873704,0.000554090307559818,0.0005692450795322657,0.0005843999097123742,0.0005995546816848218],"_type":"histogram"},"gradients/layers.1.conv.weight":{"_type":"histogram","values":[7,2,0,0,0,1,14,7,7,15,1,0,1,13,24,15,15,29,27,19,44,46,92,141,196,245,304,300,485,732,1164,1747,2855,6046,13328,40950,865967,192767,28691,11172,5007,2656,1476,877,557,396,316,263,172,139,105,17,33,20,18,44,16,16,19,13,7,3,5,4],