{"_runtime":686.055489596,"_timestamp":1.7461977226035192e+09,"_wandb":{"runtime":828},"epoch":2,"_step":3,"best_val_loss":0,"train_loss":0,"val_loss":0}