{"train_loss":0.013884803147188254,"_runtime":102.987994598,"_timestamp":1.746628858483415e+09,"_wandb":{"runtime":103},"best_val_loss":0.01958219916670102,"epoch":30,"val_loss":0.020494322239540484,"_step":42}