{"_timestamp":1.7461172822121694e+09,"gradients/layers.0.conv.weight":{"_type":"histogram","values":[2,3,3,8,7,7,12,21,21,38,48,35,60,73,119,223,489,1251,23477,623981,2895,634,325,216,122,67,46,42,26,20,14,10,5,3,3,1,2,0,0,0,0,0,1,1,3,1,4,1,2,2,1,3,0,1,1,3,0,0,1,0,0,1,0,1],"bins":[-0.03812605142593384,-0.036144088953733444,-0.03416212648153305,-0.03218016400933266,-0.030198201537132263,-0.02821623906493187,-0.026234276592731476,-0.024252314120531082,-0.02227035164833069,-0.020288389176130295,-0.0183064267039299,-0.016324464231729507,-0.014342501759529114,-0.01236053928732872,-0.010378576815128326,-0.008396614342927933,-0.006414651870727539,-0.004432689398527145,-0.0024507269263267517,-0.00046876445412635803,0.0015131980180740356,0.0034951604902744293,0.005477122962474823,0.007459085434675217,0.00944104790687561,0.011423010379076004,0.013404972851276398,0.015386935323476791,0.017368897795677185,0.01935086026787758,0.021332822740077972,0.023314785212278366,0.02529674768447876,0.027278710156679153,0.029260672628879547,0.03124263510107994,0.033224597573280334,0.03520656004548073,0.03718852251768112,0.039170484989881516,0.04115244746208191,0.0431344099342823,0.0451163724064827,0.04709833487868309,0.049080297350883484,0.05106225982308388,0.05304422229528427,0.055026184767484665,0.05700814723968506,0.05899010971188545,0.060972072184085846,0.06295403838157654,0.06493599712848663,0.06691795587539673,0.06889992207288742,0.07088188827037811,0.07286384701728821,0.0748458057641983,0.076827771961689,0.07880973815917969,0.08079169690608978,0.08277365565299988,0.08475562185049057,0.08673758804798126,0.08871954679489136]},"_step":19,"gradients/to_out.weight":{"values":[2,1,0,2,2,2,8,8,7,6,10,17,24,32,21,37,38,24,29,39,37,28,25,64,90,73,28,63,120,42,30,13,20,94,101,55,53,72,62,42,23,27,32,30,30,27,30,19,24,27,21,17,17,15,9,6,5,6,2,1,2,0,0,1],"bins":[-0.02453572303056717,-0.02375033125281334,-0.02296493761241436,-0.02217954583466053,-0.0213941540569067,-0.02060876227915287,-0.01982336863875389,-0.01903797686100006,-0.01825258508324623,-0.017467191442847252,-0.016681799665093422,-0.015896407887339592,-0.015111015178263187,-0.014325623400509357,-0.013540230691432953,-0.012754838913679123,-0.011969446204602718,-0.011184053495526314,-0.010398661717772484,-0.00961326900869608,-0.00882787723094225,-0.008042484521865845,-0.0072570922784507275,-0.00647170003503561,-0.005686307791620493,-0.004900915548205376,-0.004115523304790258,-0.0033301308285444975,-0.0025447385851293802,-0.001759346341714263,-0.0009739539818838239,-0.0001885616802610457,0.0005968306213617325,0.0013822228647768497,0.002167615108191967,0.002953007584437728,0.003738399827852845,0.004523792304098606,0.005309184547513723,0.006094576790928841,0.006879969034343958,0.007665361277759075,0.00845075398683548,0.00923614576458931,0.010021538473665714,0.010806930251419544,0.011592322960495949,0.012377714738249779,0.013163107447326183,0.013948500156402588,0.014733891934156418,0.015519284643232822,0.016304677352309227,0.017090069130063057,0.017875460907816887,0.018660852685570717,0.019446246325969696,0.020231638103723526,0.021017029881477356,0.021802423521876335,0.022587815299630165,0.023373207077383995,0.024158598855137825,0.024943992495536804,0.025729384273290634],"_type":"histogram"},"gradients/layers.1.conv.bias":{"values":[1,0,0,1,0,0,0,0,0,0,0,2,0,0,2,0,1,0,0,0,0,2,1,3,2,2,3,4,3,10,9,11,20,25,69,178,61,42,8,9,5,7,5,4,1,6,1,2,2,4,1,1,0,1,0,0,0,0,0,1,0,1,0,1],"bins":[-0.0024766731075942516,-0.002406730782240629,-0.002336788224056363,-0.0022668458987027407,-0.0021969033405184746,-0.002126961015164852,-0.0020570186898112297,-0.0019870761316269636,-0.0019171338062733412,-0.001847191364504397,-0.0017772489227354527,-0.0017073064809665084,-0.0016373640391975641,-0.0015674215974286199,-0.0014974792720749974,-0.0014275368303060532,-0.001357594388537109,-0.0012876519467681646,-0.0012177095049992204,-0.001147767179645598,-0.0010778247378766537,-0.0010078822961077094,-0.0009379398543387651,-0.0008679974707774818,-0.0007980550290085375,-0.0007281125872395933,-0.0006581702036783099,-0.0005882277619093657,-0.0005182853201404214,-0.00044834293657913804,-0.0003784004948101938,-0.00030845808214507997,-0.00023851566947996616,-0.00016857325681485236,-9.863082959782332e-05,-2.86884096567519e-05,4.125401028431952e-05,0.00011119643022539094,0.00018113885016646236,0.0002510812773834914,0.0003210236900486052,0.000390966102713719,0.0004609085153788328,0.0005308509571477771,0.0006007933989167213,0.0006707357824780047,0.000740678224246949,0.0008106206078082323,0.0008805630495771766,0.0009505054913461208,0.001020447933115065,0.0010903902584686875,0.0011603327002376318,0.001230275142006576,0.0013002175837755203,0.0013701600255444646,0.0014401024673134089,0.0015100447926670313,0.0015799872344359756,0.0016499296762049198,0.001719872117973864,0.0017898145597428083,0.0018597568850964308,0.001929699326865375,0.0019996417686343193],"_type":"histogram"},"_wandb":{"runtime":2297},"train_loss":2.6848809631114983,"best_val_loss":3.800898523469056,"_runtime":2297.89639914,"epoch":10,"gradients/to_out.bias":{"values":[1,0,0,0,0,0,0,0,0,0,0,0,0,0,0,0,0,0,0,0,0,1,0,0,0,0,0,0,0,1,0,0,0,0,0,0,0,0,0,0,0,0,0,0,0,0,0,0,1,1,0,0,0,1,0,0,2,1,2,0,0,0,1,2],"bins":[-0.04917484521865845,-0.04818713665008545,-0.04719942808151245,-0.046211715787649155,-0.04522400721907616,-0.04423629865050316,-0.04324858635663986,-0.042260877788066864,-0.041273169219493866,-0.04028546065092087,-0.03929775208234787,-0.03831003978848457,-0.037322331219911575,-0.03633462265133858,-0.03534691035747528,-0.03435920178890228,-0.033371493220329285,-0.03238378465175629,-0.03139607608318329,-0.030408363789319992,-0.029420655220746994,-0.028432946652173996,-0.02744523622095585,-0.0264575257897377,-0.025469817221164703,-0.024482108652591705,-0.023494398221373558,-0.02250668779015541,-0.021518979221582413,-0.020531270653009415,-0.019543560221791267,-0.01855584979057312,-0.017568141222000122,-0.016580432653427124,-0.015592722222208977,-0.014605012722313404,-0.013617303222417831,-0.012629593722522259,-0.011641884222626686,-0.010654174722731113,-0.00966646522283554,-0.008678755722939968,-0.0076910462230443954,-0.006703336723148823,-0.00571562722325325,-0.0047279177233576775,-0.003740208223462105,-0.002752498723566532,-0.0017647892236709595,-0.0007770797237753868,0.00021062977612018585,0.0011983392760157585,0.002186048775911331,0.003173758275806904,0.0041614677757024765,0.005149177275598049,0.006136886775493622,0.0071245962753891945,0.008112305775284767,0.00910001527518034,0.010087724775075912,0.011075434274971485,0.012063143774867058,0.01305085327476263,0.014038562774658203],"_type":"histogram"},