{"train_loss":0.00265909654946706,"val_loss":0.002143365305008566,"_timestamp":1.7458498050392816e+09,"_runtime":49.255405695,"best_val_loss":0.002143365305008566,"_wandb":{"runtime":49},"_step":3,"epoch":2}