{"gradients/layers.0.conv.weight":{"bins":[-0.30920687317848206,-0.2993762791156769,-0.2895456850528717,-0.27971509099006653,-0.26988452672958374,-0.26005393266677856,-0.2502233386039734,-0.2403927445411682,-0.23056215047836304,-0.22073157131671906,-0.21090097725391388,-0.2010703831911087,-0.19123980402946472,-0.18140920996665955,-0.17157861590385437,-0.1617480367422104,-0.1519174426794052,-0.14208684861660004,-0.13225626945495605,-0.12242567539215088,-0.1125950813293457,-0.10276449471712112,-0.09293390810489655,-0.08310331404209137,-0.07327272742986679,-0.06344214081764221,-0.053611546754837036,-0.04378096014261246,-0.03395036980509758,-0.024119779467582703,-0.014289190992712975,-0.004458601586520672,0.005371987819671631,0.015202577225863934,0.025033166632056236,0.034863755106925964,0.04469434544444084,0.05452493578195572,0.0643555223941803,0.07418611645698547,0.08401670306921005,0.09384728968143463,0.10367788374423981,0.11350847035646439,0.12333905696868896,0.13316965103149414,0.14300024509429932,0.1528308242559433,0.16266141831874847,0.17249201238155365,0.18232259154319763,0.1921531856060028,0.20198377966880798,0.21181435883045197,0.22164495289325714,0.23147554695606232,0.2413061261177063,0.2511367201805115,0.26096731424331665,0.2707979083061218,0.280628502368927,0.2904590666294098,0.30028966069221497,0.31012025475502014,0.3199508488178253],"_type":"histogram","values":[1,0,2,4,6,5,6,6,4,5,8,9,8,7,6,4,12,12,9,14,32,23,21,44,53,77,122,205,411,1613,8237,159269,6847,1375,410,202,107,78,64,75,54,46,36,35,27,14,12,9,8,17,9,8,9,9,5,5,4,5,3,1,0,1,1,1]},"train_loss":37.40402166383812,"gradients/to_out.weight":{"bins":[-0.473784863948822,-0.45885923504829407,-0.4439336061477661,-0.42900797724723816,-0.4140823483467102,-0.39915668964385986,-0.3842310607433319,-0.36930543184280396,-0.354379802942276,-0.33945417404174805,-0.3245285451412201,-0.30960291624069214,-0.2946772575378418,-0.27975162863731384,-0.2648259997367859,-0.24990037083625793,-0.23497474193572998,-0.22004911303520203,-0.20512348413467407,-0.19019784033298492,-0.17527221143245697,-0.16034658253192902,-0.14542093873023987,-0.13049530982971191,-0.11556968092918396,-0.100644052028656,-0.08571841567754745,-0.0707927793264389,-0.05586715042591095,-0.0409415178000927,-0.026015885174274445,-0.011090252548456192,0.0038353800773620605,0.018761012703180313,0.033686645328998566,0.04861227795481682,0.06353791058063507,0.07846353948116302,0.09338917583227158,0.10831481218338013,0.12324044108390808,0.13816606998443604,0.153091698884964,0.16801734268665314,0.1829429715871811,0.19786860048770905,0.2127942442893982,0.22771987318992615,0.2426455020904541,0.25757113099098206,0.27249675989151,0.28742238879203796,0.3023480176925659,0.31727367639541626,0.3321993052959442,0.34712493419647217,0.3620505630970001,0.3769761919975281,0.39190182089805603,0.406827449798584,0.4217531085014343,0.4366787374019623,0.45160436630249023,0.4665299952030182,0.48145562410354614],"_type":"histogram","values":[5,11,7,7,0,0,0,0,0,0,3,4,10,25,11,6,0,0,0,0,0,0,0,1,1,0,0,1,39,95,148,100,132,125,61,5,0,0,0,0,0,1,0,2,0,1,0,3,9,28,11,9,2,0,0,0,0,0,0,1,13,10,3,6]},"val_loss":40.92574453779629,"_step":19,"gradients/layers.1.conv.bias":{"_type":"histogram","values":[1,0,0,0,0,0,0,0,0,1,0,0,0,0,0,0,0,0,0,0,0,1,2,1,1,4,0,1,0,1,3,6,4,9,25,104,62,9,3,2,3,3,1,0,1,0,1,1,1,1,1,0,0,0,0,0,0,0,0,0,1,0,1,1],"bins":[-0.08267221599817276,-0.08032624423503876,-0.07798027992248535,-0.07563430815935135,-0.07328833639621735,-0.07094237208366394,-0.06859640032052994,-0.06625043600797653,-0.06390446424484253,-0.061558496206998825,-0.05921252816915512,-0.05686655640602112,-0.054520588368177414,-0.05217462033033371,-0.04982864856719971,-0.047482680529356,-0.0451367124915123,-0.042790744453668594,-0.04044477641582489,-0.03809880465269089,-0.03575283661484718,-0.03340686857700348,-0.031060898676514626,-0.028714928776025772,-0.026368960738182068,-0.024022992700338364,-0.02167702279984951,-0.019331052899360657,-0.016985084861516953,-0.014639115892350674,-0.012293146923184395,-0.009947177954018116,-0.007601216435432434,-0.005255247466266155,-0.0029092784970998764,-0.0005633095279335976,0.0017826594412326813,0.00412862841039896,0.006474597379565239,0.008820566348731518,0.011166535317897797,0.013512504287064075,0.015858473256230354,0.018204443156719208,0.020550411194562912,0.022896379232406616,0.02524234913289547,0.027588319033384323,0.029934287071228027,0.03228025510907173,0.034626223146915436,0.03697219491004944,0.03931816294789314,0.04166413098573685,0.04401010274887085,0.046356070786714554,0.04870203882455826,0.05104800686240196,0.053393974900245667,0.05573994666337967,0.05808591470122337,0.06043188273906708,0.06277785450220108,0.06512381881475449,0.06746979057788849]},"_wandb":{"runtime":774},"_runtime":772.667943583,"best_val_loss":40.92574453779629,"gradients/layers.0.conv.bias":{"_type":"histogram","values":[1,1,0,0,0,2,0,1,0,2,0,0,0,1,0,1,0,2,2,1,0,1,3,4,2,3,1,5,12,111,68,5,1,0,3,0,3,1,1,0,2,2,2,1,0,1,0,0,1,0,1,3,0,0,0,0,3,0,0,1,0,0,0,1],"bins":[-0.2794979512691498,-0.2701281011104584,-0.2607582211494446,-0.2513883709907532,-0.24201852083206177,-0.23264865577220917,-0.22327880561351776,-0.21390894055366516,-0.20453909039497375,-0.19516922533512115,-0.18579936027526855,-0.17642951011657715,-0.16705964505672455,-0.15768979489803314,-0.14831992983818054,-0.13895007967948914,-0.12958021461963654,-0.12021035701036453,-0.11084049940109253,-0.10147064179182053,-0.09210078418254852,-0.08273091912269592,-0.07336106151342392,-0.06399120390415192,-0.05462134629487991,-0.04525148868560791,-0.03588163107633591,-0.026511769741773605,-0.017141912132501602,-0.007772053591907024,0.0015978049486875534,0.010967663489282131,0.02033752202987671,0.029707379639148712,0.039077237248420715,0.04844709858298302,0.05781695619225502,0.06718681752681732,0.07655667513608932,0.08592653274536133,0.09529639035463333,0.10466624796390533,0.11403610557317734,0.12340596318244934,0.13277582824230194,0.14214567840099335,0.15151554346084595,0.16088539361953735,0.17025525867938995,0.17962512373924255,0.18899497389793396,0.19836483895778656,0.20773468911647797,0.21710455417633057,0.22647440433502197,0.23584426939487457,0.24521413445472717,0.2545839846134186,0.26395383477211,0.2733237147331238,0.2826935648918152,0.2920634150505066,0.301433265209198,0.3108031451702118,0.3201729953289032]},"_timestamp":1.7456835732935972e+09,"gradients/to_out.bias":{"bins":[-0.39824599027633667,-0.3910048305988312,-0.3837636411190033,-0.3765224814414978,-0.3692813217639923,-0.3620401620864868,-0.35479897260665894,-0.34755781292915344,-0.34031665325164795,-0.33307546377182007,-0.3258343040943146,-0.3185931444168091,-0.3113519549369812,-0.3041107952594757,-0.2968696355819702,-0.2896284759044647,-0.28238728642463684,-0.27514612674713135,-0.26790496706962585,-0.260663777589798,-0.2534226179122925,-0.246181458234787,-0.2389402836561203,-0.2316991090774536,-0.22445794939994812,-0.21721677482128143,-0.20997561514377594,-0.20273444056510925,-0.19549326598644257,-0.18825210630893707,-0.18101093173027039,-0.1737697720527649,-0.1665285974740982,-0.15928742289543152,-0.15204626321792603,-0.14480508863925934,-0.13756392896175385,-0.13032275438308716,-0.12308158725500107,-0.11584042012691498,-0.10859924554824829,-0.1013580784201622,-0.09411691129207611,-0.08687574416399002,-0.07963457703590393,-0.07239340990781784,-0.06515223532915115,-0.057911068201065063,-0.05066990107297897,-0.04342873394489288,-0.036187563091516495,-0.028946395963430405,-0.021705226972699165,-0.014464057981967926,-0.007222889922559261,1.827860251069069e-05,0.007259447127580643,0.014500616118311882,0.02174178510904312,0.02898295223712921,0.0362241193652153,0.04346529021859169,0.05070645734667778,0.05794762820005417,0.06518879532814026],"_type":"histogram","values":[1,0,0,0,0,0,0,0,0,0,0,0,0,0,0,0,0,0,0,0,0,1,0,1,0,0,0,0,0,0,0,0,0,0,0,0,0,0,0,0,0,0,0,0,0,0,0,0,0,0,0,0,0,0,0,1,0,2,3,0,2,0,2,1]},