{"epoch":17,"_timestamp":1.7456843648874822e+09,"_runtime":154.281529521,"_step":3,"train_loss":25.263005599918134,"val_loss":24.62220531276294,"best_val_loss":24.62220531276294,"_wandb":{"runtime":154}}