{"best_val_loss":0.009781538040964242,"epoch":60,"_step":80,"train_loss":0.00685771441619311,"val_loss":0.01177068594048656,"_runtime":161.22273366,"_timestamp":1.7464605727071064e+09,"_wandb":{"runtime":161}}