{"gradients/layers.0.conv.weight":{"_type":"histogram","values":[10,10,18,19,15,27,18,27,11,18,17,25,12,15,9,11,20,10,23,35,46,62,66,109,167,193,268,327,404,465,629,720,1053,1348,1853,2529,4400,8286,26362,266371,3.177913e+06,44259,12152,4614,2517,1618,1126,881,465,208,155,117,82,65,44,35,25,39,32,30,33,22,36,20],"bins":[-0.00013131771993357688,-0.00012804989819414914,-0.00012478209100663662,-0.00012151426926720887,-0.00011824645480373874,-0.000114978633064311,-0.00011171081860084087,-0.00010844300413737074,-0.0001051751896739006,-0.00010190736793447286,-9.863955347100273e-05,-9.53717390075326e-05,-9.210391726810485e-05,-8.883610280463472e-05,-8.556828834116459e-05,-8.230046660173684e-05,-7.903265213826671e-05,-7.576483767479658e-05,-7.249701593536884e-05,-6.92292014718987e-05,-6.596138700842857e-05,-6.269356526900083e-05,-5.94257508055307e-05,-5.6157936342060566e-05,-5.289011824061163e-05,-4.962230013916269e-05,-4.635448567569256e-05,-4.308666757424362e-05,-3.981884947279468e-05,-3.655103500932455e-05,-3.328321690787561e-05,-3.0015400625416078e-05,-2.6747584342956543e-05,-2.3479768060497008e-05,-2.0211951778037474e-05,-1.6944133676588535e-05,-1.3676317394129e-05,-1.0408501111669466e-05,-7.140683919715229e-06,-3.872867182508344e-06,-6.050504453014582e-07,2.6627662919054274e-06,5.930583029112313e-06,9.19840022106655e-06,1.2466216503526084e-05,1.573403278598562e-05,1.9001850887434557e-05,2.2269667169894092e-05,2.5537483452353626e-05,2.880529973481316e-05,3.2073116017272696e-05,3.5340934118721634e-05,3.8608748582191765e-05,4.1876566683640704e-05,4.514438478508964e-05,4.841219924855977e-05,5.168001735000871e-05,5.494783545145765e-05,5.821564991492778e-05,6.148346437839791e-05,6.475128611782566e-05,6.801910058129579e-05,7.128691504476592e-05,7.455473678419366e-05,7.78225512476638e-05]},"gradients/layers.1.conv.weight":{"values":[6,6,4,7,3,3,8,9,8,12,5,12,4,6,2,1,7,35,31,24,29,69,78,109,117,135,202,361,636,990,2273,6660,24314,1.262526e+06,5.085163e+06,26894,6049,2557,1468,680,346,167,110,78,68,26,45,33,30,26,15,4,4,6,5,5,6,9,5,5,8,6,11,7],"bins":[-0.0001627879246370867,-0.0001580036332597956,-0.00015321934188250452,-0.00014843505050521344,-0.00014365074457600713,-0.00013886645319871604,-0.00013408216182142496,-0.00012929787044413388,-0.0001245135790668428,-0.0001197292804135941,-0.00011494498903630301,-0.00011016069765901193,-0.00010537639900576323,-0.00010059210762847215,-9.580781625118107e-05,-9.102351759793237e-05,-8.623922622064129e-05,-8.14549348433502e-05,-7.66706361901015e-05,-7.188634481281042e-05,-6.710205343551934e-05,-6.231775478227064e-05,-5.753346340497956e-05,-5.2749172027688473e-05,-4.796487701241858e-05,-4.318058199714869e-05,-3.839629061985761e-05,-3.361199560458772e-05,-2.8827702408307232e-05,-2.4043409212026745e-05,-1.9259114196756855e-05,-1.4474821000476368e-05,-9.690527804195881e-06,-4.906234153168043e-06,-1.2194050214020535e-07,4.662353148887632e-06,9.44664679991547e-06,1.4230939996195957e-05,1.9015235011465847e-05,2.3799528207746334e-05,2.858382140402682e-05,3.336811641929671e-05,3.8152407796587795e-05,4.2936702811857685e-05,4.7720997827127576e-05,5.250528920441866e-05,5.728958421968855e-05,6.207387923495844e-05,6.685817061224952e-05,7.16424619895406e-05,7.64267606427893e-05,8.121105202008039e-05,8.599534339737147e-05,9.077964205062017e-05,9.556393342791125e-05,0.00010034822480520234,0.00010513252345845103,0.00010991681483574212,0.0001147011062130332,0.00011948539759032428,0.00012426968896761537,0.00012905399489682168,0.00013383828627411276,0.00013862257765140384,0.00014340686902869493],"_type":"histogram"},"_wandb":{"runtime":2307},"epoch":27,"val_loss":0.003800096550859264,"gradients/layers.0.conv.bias":{"values":[1,0,0,0,0,0,0,0,0,0,0,1,2,1,1,2,1,0,0,1,1,1,1,2,3,3,6,9,2,3,11,6,3,22,346,34,8,8,7,3,1,5,1,5,2,0,2,2,0,1,0,1,0,1,0,1,0,0,0,0,0,0,0,1],"bins":[-0.0005310778506100178,-0.0005157155101187527,-0.0005003531696274877,-0.00048499085824005306,-0.00046962854685261846,-0.0004542662063613534,-0.00043890386587008834,-0.00042354155448265374,-0.0004081792139913887,-0.0003928168735001236,-0.000377454562112689,-0.00036209222162142396,-0.0003467298811301589,-0.0003313675697427243,-0.00031600522925145924,-0.00030064291786402464,-0.0002852805773727596,-0.0002699182368814945,-0.0002545559254940599,-0.00023919358500279486,-0.00022383125906344503,-0.0002084689331240952,-0.00019310659263283014,-0.0001777442666934803,-0.00016238194075413048,-0.00014701961481478065,-0.00013165728887543082,-0.00011629494838416576,-0.00010093262244481593,-8.55702965054661e-05,-7.020796329015866e-05,-5.484563371283002e-05,-3.948324592784047e-05,-2.4120916350511834e-05,-8.758586773183197e-06,6.6037428041454405e-06,2.1966072381474078e-05,3.7328401958802715e-05,5.269073153613135e-05,6.80530647514388e-05,8.341539069078863e-05,9.877771663013846e-05,0.0001141400498454459,0.00012950238306075335,0.00014486470900010318,0.000160227034939453,0.00017558937543071806,0.0001909517013700679,0.00020631402730941772,0.00022167635324876755,0.00023703867918811738,0.00025240101967938244,0.00026776333106681705,0.0002831256715580821,0.00029848801204934716,0.00031385032343678176,0.0003292126639280468,0.0003445750044193119,0.0003599373158067465,0.00037529965629801154,0.0003906619967892766,0.0004060243081767112,0.00042138664866797626,0.00043674896005541086,0.0004521113005466759],"_type":"histogram"},"_step":37,"gradients/layers.2.conv.weight":{"bins":[-5.748432522523217e-05,-5.5889016948640347e-05,-5.4293708672048524e-05,-5.26984003954567e-05,-5.110309211886488e-05,-4.9507783842273057e-05,-4.7912475565681234e-05,-4.631716728908941e-05,-4.4721862650476396e-05,-4.3126554373884574e-05,-4.153124609729275e-05,-3.993593782070093e-05,-3.8340629544109106e-05,-3.6745321267517284e-05,-3.515001299092546e-05,-3.355470471433364e-05,-3.1959396437741816e-05,-3.0364088161149994e-05,-2.876877988455817e-05,-2.717347160796635e-05,-2.5578163331374526e-05,-2.3982856873772107e-05,-2.2387548597180285e-05,-2.0792240320588462e-05,-1.919693204399664e-05,-1.7601623767404817e-05,-1.6006315490812995e-05,-1.4411008123715874e-05,-1.2815699847124051e-05,-1.1220391570532229e-05,-9.625084203435108e-06,-8.029775926843286e-06,-6.434467650251463e-06,-4.8391593736596406e-06,-3.243851551815169e-06,-1.6485435025970219e-06,-5.323545337887481e-08,1.5420725958392723e-06,3.1373806450574193e-06,4.732688466901891e-06,6.3279967434937134e-06,7.923305020085536e-06,9.518613296677358e-06,1.111392066377448e-05,1.2709228940366302e-05,1.4304537216958124e-05,1.5899844584055245e-05,1.7495152860647067e-05,1.909046113723889e-05,2.0685769413830712e-05,2.2281077690422535e-05,2.3876385967014357e-05,2.547169424360618e-05,2.70670007012086e-05,2.866230897780042e-05,3.0257617254392244e-05,3.185292734997347e-05,3.3448231988586485e-05,3.504354026517831e-05,3.663884854177013e-05,3.823415681836195e-05,3.9829465094953775e-05,4.14247733715456e-05,4.302008164813742e-05,4.461538992472924e-05],"_type":"histogram","values":[5,5,4,3,3,3,7,12,16,23,31,36,29,31,24,33,68,105,128,131,159,184,229,346,418,585,702,1044,1646,2090,3447,5771,11134,26868,91124,1.884236e+06,4.213602e+06,110919,32303,14526,7278,4070,2466,1644,1167,838,679,512,409,330,269,208,123,130,113,80,64,42,35,20,3,4,4,10]},"gradients/layers.2.conv.bias":{"values":[1,0,0,0,0,0,0,0,1,0,1,0,1,0,1,0,0,0,1,1,2,1,4,3,3,5,1,3,3,12,11,5,13,10,17,12,19,20,53,86,96,37,27,16,11,9,7,1,7,4,2,1,0,0,2,1,0,0,0,0,0,0,0,1],