{"val_loss":55.89854879038675,"epoch":5,"_timestamp":1.745675984041397e+09,"_runtime":388.11873723,"_step":5,"best_val_loss":53.27735614776611,"_wandb":{"runtime":598},"train_loss":29.41143726153546}