{"_timestamp":1.7464559672470355e+09,"best_val_loss":0.009781538040964242,"_step":60,"_wandb":{"runtime":99},"epoch":40,"train_loss":0.008614017641437904,"val_loss":0.013152380747570528,"_runtime":99.322215079}