{"epoch":3,"gradients/layers.0.conv.bias":{"bins":[-4.432021887623705e-05,-4.2847837903536856e-05,-4.137546056881547e-05,-3.9903079596115276e-05,-3.843069862341508e-05,-3.695831765071489e-05,-3.5485936678014696e-05,-3.401355934329331e-05,-3.2541178370593116e-05,-3.106879739789292e-05,-2.9596418244182132e-05,-2.8124039090471342e-05,-2.665165811777115e-05,-2.5179277145070955e-05,-2.3706897991360165e-05,-2.2234518837649375e-05,-2.076213786494918e-05,-1.9289756892248988e-05,-1.7817377738538198e-05,-1.6344998584827408e-05,-1.4872617612127215e-05,-1.3400237548921723e-05,-1.1927857485716231e-05,-1.045547742251074e-05,-8.983097359305248e-06,-7.510717296099756e-06,-6.038337232894264e-06,-4.565957169688772e-06,-3.0935771064832807e-06,-1.621197043277789e-06,-1.4881698007229716e-07,1.3235630831331946e-06,2.7959431463386863e-06,4.268323209544178e-06,5.74070327274967e-06,7.213083335955162e-06,8.685463399160653e-06,1.0157843462366145e-05,1.1630223525571637e-05,1.3102603588777129e-05,1.457498365198262e-05,1.6047364624682814e-05,1.7519743778393604e-05,1.8992122932104394e-05,2.0464503904804587e-05,2.193688487750478e-05,2.340926403121557e-05,2.488164318492636e-05,2.6354024157626554e-05,2.7826405130326748e-05,2.9298784284037538e-05,3.077116343774833e-05,3.224354441044852e-05,3.3715925383148715e-05,3.518830635584891e-05,3.6660683690570295e-05,3.813306466327049e-05,3.960544563597068e-05,4.107782297069207e-05,4.255020394339226e-05,4.4022584916092455e-05,4.549496588879265e-05,4.696734686149284e-05,4.843972419621423e-05,4.991210516891442e-05],"_type":"histogram","values":[1,1,0,0,0,0,0,0,1,0,0,0,0,3,0,2,1,2,2,1,5,3,3,4,2,5,7,9,4,24,367,6,5,9,5,5,3,6,2,4,4,3,2,1,3,0,0,0,1,0,1,0,1,0,0,1,1,0,0,0,0,1,0,1]},"gradients/layers.1.conv.weight":{"values":[2,1,1,1,0,1,0,1,1,0,4,6,4,8,20,10,16,34,44,70,73,147,251,457,991,2871,18008,1.106598e+06,43040,4462,1300,506,257,150,102,46,28,33,24,17,14,7,8,5,6,4,4,2,2,1,1,2,1,0,1,1,1,0,0,0,0,1,0,2],"bins":[-3.224324700568104e-06,-3.1076940558705246e-06,-2.991063411172945e-06,-2.87443253910169e-06,-2.7578018944041105e-06,-2.641171249706531e-06,-2.524540377635276e-06,-2.4079097329376964e-06,-2.291279088240117e-06,-2.1746484435425373e-06,-2.0580177988449577e-06,-1.9413869267737027e-06,-1.8247562820761232e-06,-1.7081256373785436e-06,-1.5914948789941263e-06,-1.474864120609709e-06,-1.3582334759121295e-06,-1.24160283121455e-06,-1.1249720728301327e-06,-1.0083413144457154e-06,-8.917106697481358e-07,-7.750799682071374e-07,-6.58449266666139e-07,-5.418185651251406e-07,-4.251878635841422e-07,-3.0855716204314376e-07,-1.9192646050214535e-07,-7.529575896114693e-08,4.1334942579851486e-08,1.579656441208499e-07,2.745963456618483e-07,3.9122704720284673e-07,5.078577487438451e-07,6.244884502848436e-07,7.41119151825842e-07,8.577498533668404e-07,9.743805549078388e-07,1.0910111996054184e-06,1.2076419579898356e-06,1.324272716374253e-06,1.4409033610718325e-06,1.557534005769412e-06,1.6741647641538293e-06,1.7907955225382466e-06,1.907426167235826e-06,2.0240568119334057e-06,2.1406876840046607e-06,2.2573183287022403e-06,2.37394897339982e-06,2.4905796180973994e-06,2.607210262794979e-06,2.723841134866234e-06,2.8404717795638135e-06,2.957102424261393e-06,3.073733296332648e-06,3.1903639410302276e-06,3.306994585727807e-06,3.4236252304253867e-06,3.5402558751229662e-06,3.6568867471942212e-06,3.773517391891801e-06,3.89014803658938e-06,4.006778908660635e-06,4.1234093259845395e-06,4.2400401980557945e-06],"_type":"histogram"},"train_loss":0.0003787677157817656,"_runtime":1903.108776074,"_step":6,"val_loss":0.00079253936338548,"best_val_loss":0.00079253936338548,"gradients/to_out.bias":{"bins":[-0.00017126405145972967,-0.00016575914924032986,-0.00016025424702093005,-0.00015474933024961501,-0.0001492444280302152,-0.0001437395258108154,-0.00013823462359141558,-0.00013272972137201577,-0.00012722480460070074,-0.00012171990965725854,-0.00011621500016190112,-0.0001107100979425013,-0.0001052051957231015,-9.970028622774407e-05,-9.419538400834426e-05,-8.869047451298684e-05,-8.318557229358703e-05,-7.768067007418722e-05,-7.21757605788298e-05,-6.667085835942999e-05,-6.116594886407256e-05,-5.566104664467275e-05,-5.015614442527294e-05,-4.4651238567894325e-05,-3.914633271051571e-05,-3.364142685313709e-05,-2.8136522814747877e-05,-2.2631618776358664e-05,-1.7126712918980047e-05,-1.1621807971096132e-05,-6.116903023212217e-06,-6.119980753283016e-07,4.8929068725556135e-06,1.0397811820439529e-05,1.5902716768323444e-05,2.1407620806712657e-05,2.6912526664091274e-05,3.241743252146989e-05,3.79223347408697e-05,4.342724059824832e-05,4.8932146455626935e-05,5.443705231300555e-05,5.994195817038417e-05,6.544686038978398e-05,7.095176260918379e-05,7.645667210454121e-05,8.196157432394102e-05,8.746648381929845e-05,9.297138603869826e-05,9.847628825809807e-05,0.00010398119775345549,0.0001094860999728553,0.00011499100946821272,0.00012049591168761253,0.00012600081390701234,0.00013150571612641215,0.00013701061834581196,0.000142515535117127,0.0001480204373365268,0.00015352533955592662,0.00015903024177532643,0.00016453514399472624,0.00017004006076604128,0.0001755449629854411,0.0001810498652048409],"_type":"histogram","values":[1,0,1,0,0,0,0,0,1,0,0,0,0,1,0,0,1,0,0,0,0,0,0,0,0,2,0,0,0,0,0,1,0,0,0,1,1,0,1,0,0,0,0,1,0,0,0,0,0,0,0,0,0,0,0,0,0,1,0,0,0,0,0,1]},"gradients/layers.1.conv.bias":{"values":[1,0,0,0,0,0,0,0,0,0,0,0,0,0,0,0,0,0,0,0,0,0,0,1,0,0,1,2,0,1,0,1,4,0,1,2,1,6,4,6,6,18,10,230,152,16,12,13,1,1,4,4,1,3,3,1,0,1,2,0,1,1,0,1],"bins":[-2.8001613827655092e-05,-2.7363352273823693e-05,-2.6725090719992295e-05,-2.60868309851503e-05,-2.54485694313189e-05,-2.4810307877487503e-05,-2.4172046323656105e-05,-2.3533784769824706e-05,-2.289552503498271e-05,-2.2257263481151313e-05,-2.1619001927319914e-05,-2.0980740373488516e-05,-2.0342478819657117e-05,-1.970421726582572e-05,-1.9065957530983724e-05,-1.8427695977152325e-05,-1.7789434423320927e-05,-1.7151172869489528e-05,-1.651291131565813e-05,-1.5874651580816135e-05,-1.5236390026984736e-05,-1.4598128473153338e-05,-1.395986691932194e-05,-1.3321606274985243e-05,-1.2683344721153844e-05,-1.2045083167322446e-05,-1.1406822522985749e-05,-1.076856096915435e-05,-1.0130299415322952e-05,-9.492038770986255e-06,-8.853777217154857e-06,-8.21551657281816e-06,-7.5772550189867616e-06,-6.938993919902714e-06,-6.300732820818666e-06,-5.662471266987268e-06,-5.02421016790322e-06,-4.385949068819173e-06,-3.7476877423614496e-06,-3.1094264159037266e-06,-2.471165316819679e-06,-1.8329041040487937e-06,-1.1946428912779083e-06,-5.56381678507023e-07,8.18795342638623e-08,7.201407470347476e-07,1.358401959805633e-06,1.996663286263356e-06,2.6349243853474036e-06,3.273185484431451e-06,3.911446583515499e-06,4.549708137346897e-06,5.187969236430945e-06,5.8262303355149925e-06,6.464491889346391e-06,7.1027529884304386e-06,7.741014087514486e-06,8.379275641345885e-06,9.017536285682581e-06,9.65579783951398e-06,1.0294059393345378e-05,1.0932320037682075e-05,1.1570581591513474e-05,1.220884223585017e-05,1.2847103789681569e-05],"_type":"histogram"},"_wandb":{"runtime":1903},"_timestamp":1.746201194058098e+09,"gradients/layers.0.conv.weight":{"_type":"histogram","values":[2,1,0,2,2,1,0,0,3,9,17,11,10,9,7,22,43,49,84,115,150,257,500,1192,3259,13155,515872,102822,11323,2929,1133,511,279,180,133,68,34,30,22,21,11,8,6,12,8,3,4,3,2,5,5,2,0,0,1,1,2,1,0,0,2,1,1,1],