{"_runtime":44.465425535,"_step":8,"epoch":5,"train_loss":0.057827264637252615,"val_loss":0.030622137465073678,"best_val_loss":0.030622137465073678,"_wandb":{"runtime":44},"_timestamp":1.7484496147572343e+09}