{"val_loss":0.02114055394879167,"_step":43,"_timestamp":1.7466302558620868e+09,"_wandb":{"runtime":207},"epoch":30,"train_loss":0.011984774071191038,"_runtime":207.23914076,"best_val_loss":0.019721590640173422}