{"_timestamp":1.7464558536034818e+09,"_runtime":54.85720661,"_step":35,"best_val_loss":0.010522375907307552,"_wandb":{"runtime":54},"epoch":20,"train_loss":0.012237104933176722,"val_loss":0.010522375907307552}