{"gradients/layers.0.conv.weight":{"values":[4,1,0,1,4,2,1,0,5,2,1,7,8,10,5,2,1,2,8,10,14,29,31,45,64,87,123,124,166,300,490,734,1316,2997,10151,251004,13311,3544,1580,751,418,276,185,131,115,72,100,59,42,44,27,17,16,8,7,4,5,6,8,4,12,7,10,4],"bins":[-7.546824235760141e-06,-7.334786459978204e-06,-7.122748684196267e-06,-6.91071090841433e-06,-6.698673132632393e-06,-6.4866353568504564e-06,-6.2745975810685195e-06,-6.0625598052865826e-06,-5.850522029504646e-06,-5.638484253722709e-06,-5.426446477940772e-06,-5.214408702158835e-06,-5.002370926376898e-06,-4.790333150594961e-06,-4.578295374813024e-06,-4.366257599031087e-06,-4.15421982324915e-06,-3.942182047467213e-06,-3.730144271685276e-06,-3.5181064959033392e-06,-3.3060687201214023e-06,-3.0940309443394653e-06,-2.8819931685575284e-06,-2.6699553927755915e-06,-2.4579176169936545e-06,-2.2458798412117176e-06,-2.0338420654297806e-06,-1.8218042896478437e-06,-1.6097665138659067e-06,-1.3977287380839698e-06,-1.1856909623020329e-06,-9.73653186520096e-07,-7.616149559908081e-07,-5.495771802088711e-07,-3.375394044269342e-07,-1.2550162864499725e-07,8.653614713693969e-08,2.9857392291887663e-07,5.106116987008136e-07,7.226494744827505e-07,9.346872502646875e-07,1.1467250260466244e-06,1.3587628018285614e-06,1.5708005776104983e-06,1.7828383533924352e-06,1.994876129174372e-06,2.206913904956309e-06,2.418951680738246e-06,2.630989456520183e-06,2.84302723230212e-06,3.055065008084057e-06,3.267102783865994e-06,3.4791405596479308e-06,3.6911783354298677e-06,3.903216111211805e-06,4.115253886993742e-06,4.3272916627756786e-06,4.5393294385576155e-06,4.7513672143395524e-06,4.963404990121489e-06,5.175442765903426e-06,5.387480541685363e-06,5.5995183174673e-06,5.811556093249237e-06,6.023593869031174e-06],"_type":"histogram"},"gradients/to_out.weight":{"values":[1,0,0,0,0,0,0,0,1,0,2,1,0,2,2,0,1,2,2,3,7,8,8,26,41,29,35,40,71,63,28,15,17,6,5,8,5,6,0,4,1,3,1,1,0,2,0,0,0,0,0,0,0,0,0,0,0,0,0,0,0,0,0,1],"bins":[-0.0001339391601504758,-0.00012918582069687545,-0.0001244324812432751,-0.00011967914178967476,-0.00011492580233607441,-0.00011017246288247406,-0.00010541912342887372,-0.00010066578397527337,-9.591244452167302e-05,-9.115910506807268e-05,-8.640576561447233e-05,-8.165242616087198e-05,-7.689908670727164e-05,-7.214574725367129e-05,-6.739240780007094e-05,-6.26390683464706e-05,-5.788572889287025e-05,-5.31323894392699e-05,-4.837904998566955e-05,-4.3625710532069206e-05,-3.887237107846886e-05,-3.411903162486851e-05,-2.9365692171268165e-05,-2.4612352717667818e-05,-1.985901326406747e-05,-1.5105673810467124e-05,-1.0352334356866777e-05,-5.59899490326643e-06,-8.456554496660829e-07,3.907684003934264e-06,8.661023457534611e-06,1.3414362911134958e-05,1.8167716916650534e-05,2.292105637025088e-05,2.7674395823851228e-05,3.2427735277451575e-05,3.718107473105192e-05,4.193441418465227e-05,4.6687753638252616e-05,5.144109309185296e-05,5.619443254545331e-05,6.094777199905366e-05,6.5701111452654e-05,7.045445090625435e-05,7.52077903598547e-05,7.996112981345505e-05,8.471446926705539e-05,8.946780872065574e-05,9.422114817425609e-05,9.897448762785643e-05,0.00010372782708145678,0.00010848116653505713,0.00011323450598865747,0.00011798784544225782,0.00012274118489585817,0.00012749452434945852,0.00013224786380305886,0.0001370012032566592,0.00014175454271025956,0.0001465078821638599,0.00015126122161746025,0.0001560145610710606,0.00016076790052466094,0.0001655212399782613,0.00017027457943186164],"_type":"histogram"},"_runtime":22908.152106195,"gradients/layers.2.conv.weight":{"bins":[-3.667565579235088e-06,-3.5539296732167713e-06,-3.4402937671984546e-06,-3.326657861180138e-06,-3.213021955161821e-06,-3.099385821769829e-06,-2.985749915751512e-06,-2.8721140097331954e-06,-2.7584781037148787e-06,-2.644842197696562e-06,-2.531206291678245e-06,-2.4175703856599284e-06,-2.3039342522679362e-06,-2.1902983462496195e-06,-2.0766624402313028e-06,-1.963026534212986e-06,-1.8493906281946693e-06,-1.7357547221763525e-06,-1.6221188161580358e-06,-1.5084827964528813e-06,-1.3948468904345646e-06,-1.2812109844162478e-06,-1.1675749647110933e-06,-1.0539390586927766e-06,-9.403031526744599e-07,-8.266672466561431e-07,-7.130312837944075e-07,-5.993953209326719e-07,-4.857594149143551e-07,-3.7212348047432897e-07,-2.584875460343028e-07,-1.4485161159427662e-07,-3.1215904527925886e-08,8.242002991210029e-08,1.9605596435212647e-07,3.0969189879215264e-07,4.233278332321788e-07,5.369637392504956e-07,6.505997021122312e-07,7.642356649739668e-07,8.778715709922835e-07,9.915074770106003e-07,1.105143383028917e-06,1.2187794027340715e-06,1.3324153087523882e-06,1.446051214770705e-06,1.5596872344758594e-06,1.6733231404941762e-06,1.786959046512493e-06,1.9005949525308097e-06,2.0142308585491264e-06,2.127866764567443e-06,2.2415028979594354e-06,2.355138803977752e-06,2.468774709996069e-06,2.5824106160143856e-06,2.6960465220327023e-06,2.809682428051019e-06,2.923318334069336e-06,3.0369542400876526e-06,3.1505901461059693e-06,3.2642262794979615e-06,3.3778621855162783e-06,3.491498091534595e-06,3.6051339975529118e-06],"_type":"histogram","values":[1,0,0,0,1,2,1,0,4,5,2,2,10,3,1,5,4,18,26,18,28,28,51,77,150,277,579,991,2405,5365,22658,218205,4.481214e+06,67167,11701,2933,1489,599,268,186,83,57,53,45,24,18,23,12,23,18,11,9,11,9,10,7,7,0,0,0,0,1,0,1]},"gradients/layers.3.conv.bias":{"_type":"histogram","values":[1,1,0,0,1,0,0,1,0,1,1,1,2,0,2,1,1,3,0,3,4,0,9,3,5,6,7,2,7,15,2,8,2,5,6,2,3,2,2,4,1,2,0,3,0,1,1,2,0,1,0,1,0,1,1,0,0,0,0,0,0,0,0,1],"bins":[-1.2443094419722911e-05,-1.2023562703689095e-05,-1.1604030987655278e-05,-1.1184499271621462e-05,-1.0764966646092944e-05,-1.0345434930059128e-05,-9.925903214025311e-06,-9.506371497991495e-06,-9.086839781957678e-06,-8.667308065923862e-06,-8.247776349890046e-06,-7.82824463385623e-06,-7.408712463075062e-06,-6.989180747041246e-06,-6.569648576260079e-06,-6.150116860226262e-06,-5.730585144192446e-06,-5.31105342815863e-06,-4.891521712124813e-06,-4.471989541343646e-06,-4.05245782530983e-06,-3.6329261092760134e-06,-3.2133941658685217e-06,-2.79386222246103e-06,-2.3743305064272135e-06,-1.9547987903933972e-06,-1.5352668469859054e-06,-1.1157350172652514e-06,-6.962031875445973e-07,-2.7667135782394325e-07,1.428604718967108e-07,5.623923016173649e-07,9.819232218433172e-07,1.4014550515639712e-06,1.8209868812846253e-06,2.240518824692117e-06,2.6600505407259334e-06,3.0795822567597497e-06,3.4991142001672415e-06,3.918646143574733e-06,4.33817785960855e-06,4.757709575642366e-06,5.177241291676182e-06,5.5967734624573495e-06,6.016305178491166e-06,6.435836894524982e-06,6.855369065306149e-06,7.274900781339966e-06,7.694432497373782e-06,8.113964213407598e-06,8.533495929441415e-06,8.953027645475231e-06,9.372559361509047e-06,9.792091987037566e-06,1.0211623703071382e-05,1.0631155419105198e-05,1.1050687135139015e-05,1.1470218851172831e-05,1.1889750567206647e-05,1.2309282283240464e-05,1.2728814908768982e-05,1.3148346624802798e-05,1.3567878340836614e-05,1.398741005687043e-05,1.4406941772904247e-05]},"train_loss":0.0002961573350970515,"_wandb":{"runtime":22908},"best_val_loss":0.0004915318661785152,"gradients/layers.1.conv.bias":{"_type":"histogram","values":[1,0,0,1,2,0,3,3,3,6,5,10,28,165,6,2,2,4,1,2,3,0,1,2,2,2,0,0,0,0,0,0,0,0,0,0,0,0,0,0,0,1,0,0,0,0,0,0,0,0,0,0,0,0,0,0,0,0,0,0,0,0,0,1],