{"epoch":40,"val_loss":0.009376017774027105,"_runtime":77.153972225,"_step":63,"_timestamp":1.7464502529591815e+09,"train_loss":0.008545946023826087,"_wandb":{"runtime":77},"best_val_loss":0.009000393420775637}