{"epoch":50,"val_loss":0.010426315315668053,"_runtime":125.484976155,"_wandb":{"runtime":125},"best_val_loss":0.009781538040964242,"train_loss":0.007681774121842214,"_step":70,"_timestamp":1.7464560341037028e+09}