{"_timestamp":1.746013701179518e+09,"_runtime":66.377259388,"_step":3,"epoch":4,"train_loss":0.0027623239679463174,"_wandb":{"runtime":66},"val_loss":0.0035917697493898703}