{"best_val_loss":27.607601660702908,"_wandb":{"runtime":381},"train_loss":27.72647345640573,"val_loss":27.607601660702908,"epoch":15,"_timestamp":1.7456841564686859e+09,"_runtime":381.445317737,"_step":9}