{"_timestamp":1.7456900621781428e+09,"train_loss":0.0004841566460746402,"epoch":5,"best_val_loss":0.0006643534849380168,"parameters/graph_6layers.1.conv.weight":{"values":[1,2,3,2,7,11,30,43,52,91,117,186,241,402,527,861,1225,1763,2745,4059,5676,7916,9659,10554,11410,12000,12550,12424,12545,12759,12848,12858,12841,12835,12732,12614,12682,12464,12043,11488,10945,9862,8319,6339,4419,3054,2038,1425,1017,733,476,359,216,153,108,63,41,29,24,6,5,8,3,4],"bins":[-0.08383839577436447,-0.08122847229242325,-0.07861854881048203,-0.0760086327791214,-0.07339870929718018,-0.07078878581523895,-0.06817886233329773,-0.0655689388513565,-0.06295901536941528,-0.06034909561276436,-0.057739175856113434,-0.05512925237417221,-0.05251932889223099,-0.04990940913558006,-0.04729948565363884,-0.044689565896987915,-0.04207964241504669,-0.03946971893310547,-0.036859799176454544,-0.03424987569451332,-0.031639955937862396,-0.029030032455921173,-0.02642010897397995,-0.023810187354683876,-0.021200265735387802,-0.018590344116091728,-0.015980422496795654,-0.013370499014854431,-0.010760577395558357,-0.008150655776262283,-0.005540733225643635,-0.0029308111406862736,-0.00032088905572891235,0.002289033029228449,0.00489895511418581,0.007508877199143171,0.010118799284100533,0.012728720903396606,0.015338643454015255,0.017948566004633904,0.020558487623929977,0.02316840924322605,0.025778330862522125,0.02838825434446335,0.030998175963759422,0.033608097583055496,0.03621802106499672,0.038827940821647644,0.04143786430358887,0.04404778778553009,0.046657707542181015,0.04926763102412224,0.05187755078077316,0.054487474262714386,0.05709739774465561,0.059707317501306534,0.06231724098324776,0.06492716073989868,0.0675370842218399,0.07014700770378113,0.07275693118572235,0.07536685466766357,0.0779767706990242,0.08058669418096542,0.08319661766290665],"_type":"histogram"},"_wandb":{"runtime":3255},"parameters/graph_4layers.1.conv.bias":{"_type":"histogram"},"_step":20,"parameters/graph_4to_out.bias":{"_type":"histogram"},"parameters/graph_6layers.0.conv.weight":{"bins":[-0.0935085117816925,-0.09059358388185501,-0.08767864853143692,-0.08476372063159943,-0.08184878528118134,-0.07893385738134384,-0.07601892948150635,-0.07310399413108826,-0.07018906623125076,-0.06727413833141327,-0.06435920298099518,-0.061444275081157684,-0.05852934345602989,-0.0556144118309021,-0.052699483931064606,-0.04978455230593681,-0.04686962068080902,-0.04395468905568123,-0.041039757430553436,-0.03812482953071594,-0.03520989790558815,-0.03229496628046036,-0.029380036517977715,-0.02646510675549507,-0.02355017513036728,-0.020635243505239487,-0.017720313742756844,-0.014805383048951626,-0.011890452355146408,-0.00897552166134119,-0.006060590967535973,-0.003145660273730755,-0.00023073703050613403,0.0026841936632990837,0.0055991243571043015,0.00851405505090952,0.011428985744714737,0.014343916438519955,0.017258847132325172,0.020173776894807816,0.023088708519935608,0.0260036401450634,0.028918569907546043,0.031833499670028687,0.03474843129515648,0.03766336292028427,0.040578290820121765,0.04349322244524956,0.04640815407037735,0.04932308569550514,0.052238017320632935,0.05515294522047043,0.05806787684559822,0.06098280847072601,0.06389773637056351,0.0668126717209816,0.06972759962081909,0.07264252752065659,0.07555746287107468,0.07847239077091217,0.08138732612133026,0.08430225402116776,0.08721718192100525,0.09013211727142334,0.09304704517126083],"_type":"histogram","values":[1,0,7,8,18,25,43,64,86,112,163,207,303,413,568,812,1179,1859,2747,3607,4545,5366,5920,6135,6362,6487,6705,6714,6886,6750,6917,6744,6741,6861,6993,6759,6899,6686,6575,6507,6319,6014,5742,5062,4118,3301,2305,1462,1100,741,493,399,238,192,147,119,70,51,29,17,6,8,4,1]},"parameters/graph_4layers.1.conv.weight":{"_type":"histogram"},"parameters/graph_6to_out.bias":{"_type":"histogram","values":[1,0,0,0,0,0,0,0,0,0,0,0,0,1,0,0,0,0,0,0,0,0,0,0,0,0,0,0,0,1,0,1,0,1,0,0,0,2,0,2,0,0,2,0,0,0,0,0,0,1,0,1,0,0,0,0,0,0,0,0,0,0,0,1],"bins":[-0.11345240473747253,-0.10994049161672592,-0.10642857849597931,-0.1029166579246521,-0.09940474480390549,-0.09589283168315887,-0.09238091856241226,-0.08886900544166565,-0.08535708487033844,-0.08184517174959183,-0.07833325862884521,-0.0748213455080986,-0.07130943238735199,-0.06779751926660538,-0.06428559869527817,-0.060773685574531555,-0.05726177245378494,-0.05374985933303833,-0.05023794248700142,-0.046726029366254807,-0.043214112520217896,-0.03970219939947128,-0.03619028627872467,-0.03267836943268776,-0.029166456311941147,-0.025654541328549385,-0.022142626345157623,-0.01863071322441101,-0.015118798241019249,-0.011606883257627487,-0.0080949692055583,-0.0045830546878278255,-0.001071147620677948,0.0024407668970525265,0.005952681414783001,0.009464595466852188,0.01297651045024395,0.01648842543363571,0.020000338554382324,0.023512253537774086,0.027024168521165848,0.03053608350455761,0.03404799848794937,0.037559911608695984,0.041071824729442596,0.04458374157547951,0.04809565469622612,0.05160757154226303,0.055119484663009644,0.058631397783756256,0.06214331462979317,0.06565523147583008,0.06916714459657669,0.0726790577173233,0.07619097083806992,0.07970288395881653,0.08321480453014374,0.08672671765089035,0.09023863077163696,0.09375054389238358,0.09726245701313019,0.1007743701338768,0.10428629070520401,0.10779820382595062,0.11131011694669724]},"parameters/graph_4layers.0.conv.bias":{"_type":"histogram"},"parameters/graph_6layers.0.conv.bias":{"values":[1,1,1,0,1,5,1,1,3,3,1,3,5,10,8,6,3,5,4,8,10,2,5,7,4,6,6,6,4,7,4,7,7,8,6,6,8,4,5,9,4,5,10,8,6,7,4,1,2,2,4,2,1,3,0,0,0,0,2,1,0,2,0,1],"bins":[-0.04752092435956001,-0.04562775790691376,-0.0437345951795578,-0.041841428726911545,-0.03994826227426529,-0.038055095821619034,-0.03616192936897278,-0.03426876664161682,-0.032375600188970566,-0.03048243373632431,-0.028589269146323204,-0.026696104556322098,-0.024802938103675842,-0.022909771651029587,-0.02101660706102848,-0.019123442471027374,-0.01723027601838112,-0.015337110497057438,-0.013443944975733757,-0.011550779454410076,-0.009657613933086395,-0.007764448411762714,-0.0058712828904390335,-0.003978117369115353,-0.0020849518477916718,-0.00019178632646799088,0.00170137919485569,0.003594544716179371,0.005487710237503052,0.007380875758826733,0.009274041280150414,0.011167206801474094,0.013060368597507477,0.014953534118831158,0.01684669964015484,0.018739864230155945,0.0206330306828022,0.022526197135448456,0.024419361725449562,0.02631252631545067,0.028205692768096924,0.03009885922074318,0.031992025673389435,0.03388518840074539,0.03577835485339165,0.0376715213060379,0.03956468403339386,0.041457850486040115,0.04335101693868637,0.045244183391332626,0.04713734984397888,0.04903051257133484,0.050923679023981094,0.05281684547662735,0.05471000820398331,0.05660317465662956,0.05849634110927582,0.06038950756192207,0.06228267401456833,0.06417583674192429,0.06606900691986084,0.0679621696472168,0.06985533237457275,0.07174850255250931,0.07364166527986526],"_type":"histogram"},"parameters/graph_4to_out.weight":{"_type":"histogram"},"parameters/graph_4layers.0.conv.weight":{"_type":"histogram"},