{"epoch":2,"train_loss":0.00424263330389667,"best_val_loss":0.002975055282669408,"_wandb":{"runtime":49},"val_loss":0.002975055282669408,"_timestamp":1.7458485579162273e+09,"_runtime":49.333099196,"_step":3}