{"_step":3,"best_val_loss":0.01285257310081291,"_wandb":{"runtime":68},"epoch":2,"train_loss":0.013616617872113629,"val_loss":0.01285257310081291,"_timestamp":1.7464477274889126e+09,"_runtime":68.129431169}