{"_runtime":97.165210614,"_wandb":{"runtime":97},"epoch":50,"_step":73,"_timestamp":1.746450313745209e+09,"best_val_loss":0.009000393420775637,"train_loss":0.007764234314007418,"val_loss":0.009895767120565}