{"train_loss":0.008228352508292748,"val_loss":0.007378670740169737,"best_val_loss":0.007378670740169737,"_wandb":{"runtime":40},"_timestamp":1.7461897466922832e+09,"_runtime":38.309993437,"_step":3,"epoch":2}