{"gradients/layers.1.conv.weight":{"bins":[-2.6199870717391605e-06,-2.531865447963355e-06,-2.4437438241875498e-06,-2.3556222004117444e-06,-2.267500576635939e-06,-2.1793789528601337e-06,-2.0912573290843284e-06,-2.003135705308523e-06,-1.9150140815327177e-06,-1.82689257144375e-06,-1.7387709476679447e-06,-1.6506493238921394e-06,-1.562527700116334e-06,-1.4744060763405287e-06,-1.3862844525647233e-06,-1.298162828788918e-06,-1.2100412050131126e-06,-1.1219195812373073e-06,-1.033797957461502e-06,-9.456763336856966e-07,-8.575547099098912e-07,-7.694331429775048e-07,-6.813115192016994e-07,-5.931898954258941e-07,-5.050682716500887e-07,-4.1694664787428337e-07,-3.28825024098478e-07,-2.407034287443821e-07,-1.5258180496857676e-07,-6.446018829819877e-08,2.3661428372179216e-08,1.117830450425572e-07,1.999046617129352e-07,2.8802628548874054e-07,3.761479092645459e-07,4.642695046186418e-07,5.523911568161566e-07,6.405127237485431e-07,7.286343475243484e-07,8.167559713001538e-07,9.048775950759591e-07,9.929991620083456e-07,1.081120785784151e-06,1.1692424095599563e-06,1.2573640333357616e-06,1.345485657111567e-06,1.4336072808873723e-06,1.5217289046631777e-06,1.609850528438983e-06,1.6979721522147884e-06,1.7860937759905937e-06,1.874215399766399e-06,1.9623369098553667e-06,2.050458533631172e-06,2.1385801574069774e-06,2.2267017811827827e-06,2.314823404958588e-06,2.4029450287343934e-06,2.4910666525101988e-06,2.579188276286004e-06,2.6673099000618095e-06,2.755431523837615e-06,2.84355314761342e-06,2.9316747713892255e-06,3.019796395165031e-06],"_type":"histogram","values":[6,4,17,26,29,44,60,42,45,97,127,244,346,455,448,489,635,837,1435,1615,1930,2403,3438,4056,5910,7940,12088,19186,35339,937165,66530,24340,14703,9270,6818,5020,3852,2913,2379,1772,1353,1060,647,668,443,377,254,220,163,99,85,83,58,34,20,7,6,0,0,6,3,0,3,6]},"gradients/layers.0.conv.weight":{"bins":[-6.807136969655403e-07,-6.58074782222684e-07,-6.354358674798277e-07,-6.127970095803903e-07,-5.90158094837534e-07,-5.675191800946777e-07,-5.448802653518214e-07,-5.222413506089651e-07,-4.996024927095277e-07,-4.769635779666714e-07,-4.5432466322381515e-07,-4.3168574848095886e-07,-4.090468337381026e-07,-3.864079474169557e-07,-3.6376903267409944e-07,-3.411301463529526e-07,-3.184912316100963e-07,-2.9585231686724e-07,-2.7321343054609315e-07,-2.5057451580323686e-07,-2.279356152712353e-07,-2.0529671473923372e-07,-1.8265779999637743e-07,-1.6001889946437586e-07,-1.373799989323743e-07,-1.1474109840037272e-07,-9.210219076294379e-08,-6.946328312551486e-08,-4.682438259351329e-08,-2.4185478508798042e-08,-1.5465744240827917e-09,2.109232966063246e-08,4.373117690192885e-08,6.637007743393042e-08,8.900898507135935e-08,1.1164789270878828e-07,1.3428679324078985e-07,1.5692569377279142e-07,1.795646085156477e-07,2.0220350904764928e-07,2.2484240957965085e-07,2.4748132432250713e-07,2.70120210643654e-07,2.927591253865103e-07,3.1539804012936656e-07,3.380369264505134e-07,3.606758411933697e-07,3.8331472751451656e-07,4.0595364225737285e-07,4.2859255700022914e-07,4.51231443321376e-07,4.738703580642323e-07,4.965092443853791e-07,5.191481591282354e-07,5.417870738710917e-07,5.64425988613948e-07,5.870648465133854e-07,6.097037612562417e-07,6.32342675999098e-07,6.549815907419543e-07,6.776205054848106e-07,7.002594202276669e-07,7.228982781271043e-07,7.455371928699606e-07,7.681761076128168e-07],"_type":"histogram","values":[6,8,6,3,41,20,34,53,90,120,160,238,320,357,521,615,825,924,1220,1468,1978,2364,3061,3769,4487,5858,7092,8419,10918,40652,501303,11666,9155,7107,5847,5020,3633,2884,2496,2006,1620,1379,938,775,708,471,477,298,299,176,111,125,62,42,40,15,18,10,19,0,3,0,0,6]},"_wandb":{"runtime":114},"_runtime":114.192897373,"gradients/layers.1.conv.bias":{"bins":[-5.077257810626179e-05,-4.904292291030288e-05,-4.7313267714343965e-05,-4.5583608880406246e-05,-4.385395368444733e-05,-4.212429848848842e-05,-4.03946396545507e-05,-3.866498445859179e-05,-3.693532926263288e-05,-3.5205674066673964e-05,-3.347601887071505e-05,-3.174636003677733e-05,-3.001670484081842e-05,-2.8287049644859508e-05,-2.6557392629911192e-05,-2.4827735614962876e-05,-2.3098080419003963e-05,-2.136842522304505e-05,-1.9638768208096735e-05,-1.790911119314842e-05,-1.6179455997189507e-05,-1.4449799891735893e-05,-1.2720143786282279e-05,-1.0990487680828664e-05,-9.26083157537505e-06,-7.531175469921436e-06,-5.801519364467822e-06,-4.071863259014208e-06,-2.3422071535605937e-06,-6.125510481069796e-07,1.1171050573466346e-06,2.8467611628002487e-06,4.576413630275056e-06,6.30606973572867e-06,8.035725841182284e-06,9.765381946635898e-06,1.1495038052089512e-05,1.3224694157543126e-05,1.495435026299674e-05,1.6684007277945057e-05,1.841366247390397e-05,2.014331766986288e-05,2.1872974684811197e-05,2.3602631699759513e-05,2.5332286895718426e-05,2.7061942091677338e-05,2.8791599106625654e-05,3.052125612157397e-05,3.225091131753288e-05,3.3980566513491794e-05,3.5710225347429514e-05,3.7439880543388426e-05,3.916953573934734e-05,4.089919093530625e-05,4.2628846131265163e-05,4.435850496520288e-05,4.6088160161161795e-05,4.781781535712071e-05,4.954747419105843e-05,5.127712938701734e-05,5.300678458297625e-05,5.4736439778935164e-05,5.6466094974894077e-05,5.8195753808831796e-05,5.992540900479071e-05],"_type":"histogram","values":[1,0,0,1,1,1,0,1,1,1,0,2,0,1,5,3,2,4,5,3,2,3,3,3,2,4,4,2,2,357,33,4,7,3,5,2,1,3,4,3,1,4,3,5,3,1,1,2,1,1,2,3,2,0,1,1,0,0,0,1,0,0,0,1]},"gradients/to_out.bias":{"bins":[-0.00018458023259881884,-0.0001758337311912328,-0.00016708721523173153,-0.0001583407138241455,-0.00014959419786464423,-0.0001408476964570582,-0.00013210118049755692,-0.0001233546790899709,-0.00011460817040642723,-0.00010586166172288358,-9.711515303933993e-05,-8.836864435579628e-05,-7.962214294821024e-05,-7.087563426466659e-05,-6.212912558112293e-05,-5.338261689757928e-05,-4.463610821403563e-05,-3.588959953049198e-05,-2.714309266593773e-05,-1.839658580138348e-05,-9.650077117839828e-06,-9.035693437908776e-07,7.842938430258073e-06,1.658944529481232e-05,2.5335953978355974e-05,3.4082462661899626e-05,4.282897134544328e-05,5.1575476391008124e-05,6.0321985074551776e-05,6.906849012011662e-05,7.781499880366027e-05,8.656150748720393e-05,9.530800161883235e-05,0.000104054510302376,0.00011280101898591965,0.0001215475276694633,0.00013029403635300696,0.000139040537760593,0.00014778705372009426,0.0001565335551276803,0.00016528007108718157,0.0001740265724947676,0.00018277307390235364,0.0001915195898618549,0.00020026609126944095,0.00020901260722894222,0.00021775910863652825,0.00022650562459602952,0.00023525212600361556,0.0002439986274112016,0.00025274514337070286,0.00026149165933020413,0.00027023814618587494,0.0002789846621453762,0.00028773117810487747,0.00029647769406437874,0.00030522418092004955,0.0003139706968795508,0.0003227172128390521,0.0003314636996947229,0.00034021021565422416,0.0003489567316137254,0.0003577032475732267,0.0003664497344288975,0.00037519625038839877],"_type":"histogram","values":[1,1,0,0,1,0,0,1,0,0,0,0,0,1,0,0,0,0,0,1,1,1,0,0,0,0,1,0,1,0,0,0,0,0,0,0,0,0,0,0,1,1,0,0,0,0,0,0,0,0,0,0,0,0,0,0,0,0,0,0,0,1,0,1]},"_timestamp":1.746199274285867e+09,"_step":0,"gradients/to_out.weight":{"_type":"histogram","values":[1,4,5,4,4,3,2,3,3,1,3,10,9,5,2,8,23,16,16,13,32,38,35,44,57,80,87,79,369,254,103,61,63,51,46,37,39,40,20,29,22,21,7,6,5,8,3,1,0,3,5,5,0,2,1,1,1,0,0,0,0,1,0,1],