{"_timestamp":1.7460133171776583e+09,"_wandb":{"runtime":68},"_runtime":68.260758082,"_step":3,"epoch":4,"train_loss":0.0028085436894965004,"val_loss":0.0035905478444028566}