{"epoch":2,"train_loss":0.01959394047466608,"val_loss":0.01893608606648895,"_timestamp":1.7464462033210611e+09,"best_val_loss":0.01893608606648895,"_wandb":{"runtime":33},"_runtime":31.12881914,"_step":3}