{"_timestamp":1.7458337979378495e+09,"best_val_loss":0.00515961369042689,"epoch":4,"train_loss":0.0060960246035112785,"val_loss":0.00515961369042689,"_runtime":46.4522196,"_wandb":{"runtime":48},"_step":7}