{"_runtime":309.474826279,"gradients/to_out.bias":{"_type":"histogram","values":[1,0,0,0,0,0,0,0,0,0,0,0,1,0,1,0,0,0,1,1,0,0,2,2,0,0,0,0,1,1,0,0,0,1,0,0,0,0,0,0,0,0,0,0,0,0,0,0,0,0,0,0,0,0,0,0,0,0,0,0,0,0,1,1],"bins":[-0.0008312155259773135,-0.00079045828897506,-0.0007497010519728065,-0.0007089438149705529,-0.0006681865779682994,-0.0006274293409660459,-0.0005866721039637923,-0.0005459148669615388,-0.0005051576299592853,-0.0004644003929570317,-0.0004236431559547782,-0.00038288591895252466,-0.00034212868195027113,-0.0003013714449480176,-0.00026061420794576406,-0.00021985697094351053,-0.000179099733941257,-0.00013834249693900347,-9.758525993674994e-05,-5.68280229344964e-05,-1.607078593224287e-05,2.4686451070010662e-05,6.54436880722642e-05,0.00010620092507451773,0.00014695816207677126,0.0001877153990790248,0.00022847263608127832,0.00026922987308353186,0.0003099871100857854,0.0003507443470880389,0.00039150158409029245,0.000432258821092546,0.0004730160580947995,0.000513773295097053,0.0005545305320993066,0.0005952877691015601,0.0006360450061038136,0.0006768022431060672,0.0007175594801083207,0.0007583167171105742,0.0007990739541128278,0.0008398311911150813,0.0008805884281173348,0.0009213456651195884,0.0009621029021218419,0.0010028601391240954,0.001043617376126349,0.0010843746131286025,0.001125131850130856,0.0011658890871331096,0.001206646324135363,0.0012474035611376166,0.0012881607981398702,0.0013289180351421237,0.0013696752721443772,0.0014104325091466308,0.0014511897461488843,0.0014919469831511378,0.0015327042201533914,0.001573461457155645,0.0016142186941578984,0.001654975931160152,0.0016957331681624055,0.001736490405164659,0.0017772476421669126]},"epoch":15,"gradients/layers.0.conv.weight":{"_type":"histogram","values":[3,3,3,5,8,4,1,5,9,8,9,8,11,7,9,29,16,26,14,30,24,54,56,35,65,39,112,223,255,385,859,1591,3309,9045,39656,573872,14529,5080,2108,1087,521,382,211,112,97,85,73,60,31,30,44,20,14,8,11,5,2,7,13,8,2,0,4,4],"bins":[-0.00016413495177403092,-0.0001594738569110632,-0.00015481276204809546,-0.00015015166718512774,-0.00014549057232216,-0.00014082947745919228,-0.00013616838259622455,-0.00013150728773325682,-0.0001268461928702891,-0.00012218508345540613,-0.00011752399586839601,-0.00011286290100542828,-0.00010820179886650294,-0.00010354070400353521,-9.887960914056748e-05,-9.421851427759975e-05,-8.955741941463202e-05,-8.489632455166429e-05,-8.023522968869656e-05,-7.557413482572883e-05,-7.09130399627611e-05,-6.625193782383576e-05,-6.159084296086803e-05,-5.69297480979003e-05,-5.226865323493257e-05,-4.760755837196484e-05,-4.294646350899711e-05,-3.8285365008050576e-05,-3.3624270145082846e-05,-2.8963175282115117e-05,-2.4302078600157984e-05,-1.964098191820085e-05,-1.497990160714835e-05,-1.0318805834685918e-05,-5.657710062223487e-06,-9.966142897610553e-07,3.664481482701376e-06,8.325577255163807e-06,1.2986673027626239e-05,1.7647769709583372e-05,2.23088645725511e-05,2.696995943551883e-05,3.163105429848656e-05,3.62921527994331e-05,4.095324766240083e-05,4.5614342525368556e-05,5.027544102631509e-05,5.493653588928282e-05,5.959763075225055e-05,6.425872561521828e-05,6.891982047818601e-05,7.358091534115374e-05,7.824201020412147e-05,8.290311234304681e-05,8.756420720601454e-05,9.222530206898227e-05,9.688639693195e-05,0.00010154749179491773,0.00010620858665788546,0.00011086968152085319,0.00011553078365977854,0.00012019187852274626,0.000124852973385714,0.00012951406824868172,0.00013417516311164945]},"_step":14,"val_loss":0.0027102324558494007,"gradients/layers.1.conv.weight":{"bins":[-3.878489587805234e-05,-3.764361099456437e-05,-3.650232247309759e-05,-3.536103758960962e-05,-3.421975270612165e-05,-3.3078467822633684e-05,-3.193717930116691e-05,-3.079589441767894e-05,-2.9654609534190968e-05,-2.8513322831713594e-05,-2.737203612923622e-05,-2.623075124574825e-05,-2.508946454327088e-05,-2.394817965978291e-05,-2.2806892957305536e-05,-2.1665608073817566e-05,-2.0524321371340193e-05,-1.938303466886282e-05,-1.824174978537485e-05,-1.7100463082897477e-05,-1.5959178199409507e-05,-1.4817891496932134e-05,-1.3676605703949463e-05,-1.2535319910966791e-05,-1.139403411798412e-05,-1.0252748325001448e-05,-9.111462532018777e-06,-7.970176739036106e-06,-6.828890491306083e-06,-5.687604698323412e-06,-4.5463184505933896e-06,-3.405032657610718e-06,-2.2637468646280468e-06,-1.1224609579585376e-06,1.8824948710971512e-08,1.1601108553804806e-06,2.3013967620499898e-06,3.442682555032661e-06,4.5839688027626835e-06,5.725254595745355e-06,6.866540388728026e-06,8.007826181710698e-06,9.149111974693369e-06,1.029039776767604e-05,1.1431684470153414e-05,1.2572970263136085e-05,1.3714256056118757e-05,1.4855541849101428e-05,1.59968276420841e-05,1.7138114344561473e-05,1.8279399228049442e-05,1.9420685930526815e-05,2.0561970814014785e-05,2.1703257516492158e-05,2.2844542399980128e-05,2.39858291024575e-05,2.5127115804934874e-05,2.6268400688422844e-05,2.7409687390900217e-05,2.8550972274388187e-05,2.969225897686556e-05,3.083354386035353e-05,3.19748287438415e-05,3.3116117265308276e-05,3.4257402148796245e-05],"_type":"histogram","values":[3,2,1,3,4,8,9,6,1,3,5,6,7,14,31,29,66,50,40,70,128,211,252,442,711,923,1226,2011,2775,4293,7958,15465,35441,595700,441538,34915,15274,7329,4183,2498,1605,1209,872,631,385,277,259,189,128,108,86,74,46,31,20,32,12,13,10,7,5,7,5,6]},"gradients/layers.0.conv.bias":{"bins":[-0.001056252745911479,-0.0010293714003637433,-0.0010024899384006858,-0.0009756085928529501,-0.0009487271890975535,-0.0009218457853421569,-0.0008949644397944212,-0.0008680830360390246,-0.000841201632283628,-0.0008143202285282314,-0.0007874388247728348,-0.0007605574792250991,-0.0007336760754697025,-0.0007067946717143059,-0.0006799133261665702,-0.0006530319224111736,-0.000626150518655777,-0.0005992691149003804,-0.0005723877111449838,-0.0005455063655972481,-0.0005186249618418515,-0.0004917435580864549,-0.0004648621834348887,-0.00043798080878332257,-0.00041109940502792597,-0.00038421800127252936,-0.0003573366266209632,-0.00033045525196939707,-0.00030357384821400046,-0.00027669244445860386,-0.0002498110698070377,-0.00022292968060355633,-0.00019604834960773587,-0.0001691669604042545,-0.00014228557120077312,-0.00011540418199729174,-8.852279279381037e-05,-6.164140359032899e-05,-3.4760014386847615e-05,-7.878625183366239e-06,1.9002764020115137e-05,4.588415322359651e-05,7.276554242707789e-05,9.964693163055927e-05,0.00012652832083404064,0.00015340971003752202,0.0001802910992410034,0.00020717248844448477,0.00023405387764796615,0.00026093528140336275,0.0002878166560549289,0.00031469803070649505,0.00034157943446189165,0.00036846083821728826,0.0003953422128688544,0.00042222358752042055,0.00044910499127581716,0.00047598639503121376,0.0005028677405789495,0.0005297491443343461,0.0005566305480897427,0.0005835119518451393,0.0006103933556005359,0.0006372747011482716,0.0006641561049036682],"_type":"histogram","values":[1,0,0,0,0,0,0,0,0,0,0,0,0,0,0,0,0,0,0,0,0,0,0,0,1,0,1,1,1,0,0,3,4,2,5,7,11,11,12,394,13,10,11,9,3,7,0,0,0,1,1,1,0,0,1,0,0,0,0,0,0,0,0,1]},"gradients/to_out.weight":{"values":[1,0,0,1,0,0,0,0,0,0,0,0,0,0,1,0,1,1,3,5,4,4,6,11,6,6,8,16,8,16,18,30,48,73,115,173,544,298,124,78,46,24,24,21,10,11,6,14,4,6,1,5,2,4,0,2,3,2,1,3,0,1,1,2],