{"train_loss":0.0003588867556715401,"_step":12,"best_val_loss":0.0005146678888325239,"gradients/to_out.weight":{"bins":[-3.4302349376957864e-05,-3.2872190786292776e-05,-3.144203219562769e-05,-3.001187724294141e-05,-2.8581718652276322e-05,-2.7151560061611235e-05,-2.572140328993555e-05,-2.4291246518259868e-05,-2.286108792759478e-05,-2.1430929336929694e-05,-2.000077256525401e-05,-1.8570615793578327e-05,-1.714045720291324e-05,-1.5710298612248152e-05,-1.4280141840572469e-05,-1.2849984159402084e-05,-1.1419826478231698e-05,-9.989668797061313e-06,-8.559511115890928e-06,-7.129353434720542e-06,-5.699195753550157e-06,-4.269038072379772e-06,-2.8388803912093863e-06,-1.408722710039001e-06,2.1434971131384373e-08,1.4515926523017697e-06,2.881750333472155e-06,4.31190801464254e-06,5.742065695812926e-06,7.172223376983311e-06,8.602381058153696e-06,1.0032538739324082e-05,1.146269278251566e-05,1.2892850463686045e-05,1.432300814485643e-05,1.5753164916532114e-05,1.71833235071972e-05,1.861348209786229e-05,2.0043638869537972e-05,2.1473795641213655e-05,2.2903954231878743e-05,2.433411282254383e-05,2.5764269594219513e-05,2.7194426365895197e-05,2.8624584956560284e-05,3.005474354722537e-05,3.148490213789046e-05,3.291505709057674e-05,3.4345215681241825e-05,3.577537427190691e-05,3.720552922459319e-05,3.863568781525828e-05,4.0065846405923367e-05,4.1496004996588454e-05,4.292616358725354e-05,4.435631853993982e-05,4.578647713060491e-05,4.7216635721269995e-05,4.8646790673956275e-05,5.007694926462136e-05,5.150710785528645e-05,5.2937266445951536e-05,5.4367425036616623e-05,5.5797579989302903e-05,5.722773857996799e-05],"_type":"histogram","values":[1,0,1,2,0,2,2,3,3,0,4,4,9,8,17,20,21,22,36,40,65,111,160,342,337,159,103,65,47,30,25,24,15,10,9,7,9,4,4,6,1,1,0,2,1,2,0,0,0,0,0,0,0,1,0,0,0,0,0,0,0,0,0,1]},"gradients/to_out.bias":{"bins":[-0.00032032682793214917,-0.0003081290633417666,-0.000295931298751384,-0.0002837335632648319,-0.0002715357986744493,-0.00025933803408406675,-0.00024714026949368417,-0.00023494251945521683,-0.00022274475486483425,-0.00021054699027445167,-0.00019834924023598433,-0.00018615147564560175,-0.00017395371105521917,-0.00016175596101675183,-0.00014955819642636925,-0.0001373604463879019,-0.00012516268179751933,-0.00011296492448309436,-0.0001007671671686694,-8.856940257828683e-05,-7.637164526386186e-05,-6.41738879494369e-05,-5.1976126997033134e-05,-3.9778366044629365e-05,-2.7580608730204403e-05,-1.5382849596790038e-05,-3.1850904633756727e-06,9.012668670038693e-06,2.1210427803453058e-05,3.340818511787802e-05,4.560594607028179e-05,5.780370702268556e-05,7.000146433711052e-05,8.219922165153548e-05,9.439697896596044e-05,0.00010659474355634302,0.00011879250087076798,0.00013099025818519294,0.00014318802277557552,0.00015538577281404287,0.00016758353740442544,0.00017978130199480802,0.00019197905203327537,0.00020417681662365794,0.00021637458121404052,0.00022857233125250787,0.00024077009584289044,0.0002529678458813578,0.00026516561047174037,0.00027736337506212294,0.0002895611396525055,0.00030175887513905764,0.0003139566397294402,0.0003261544043198228,0.00033835216891020536,0.00035054993350058794,0.0003627476980909705,0.00037494543357752264,0.0003871431981679052,0.0003993409627582878,0.00041153872734867036,0.00042373649193905294,0.00043593422742560506,0.00044813199201598763,0.0004603297566063702],"_type":"histogram","values":[1,0,0,0,0,0,0,0,0,0,0,0,0,0,0,0,1,0,2,1,0,0,0,1,0,1,2,1,0,1,0,0,0,0,0,0,0,0,0,1,0,0,0,0,0,0,0,1,0,0,0,0,0,0,0,0,0,0,0,0,0,0,0,1]},"epoch":6,"_runtime":6570.478454082,"gradients/layers.1.conv.weight":{"bins":[-3.0099056402832502e-06,-2.910612693085568e-06,-2.811319745887886e-06,-2.712026571316528e-06,-2.612733624118846e-06,-2.5134406769211637e-06,-2.4141477297234815e-06,-2.3148547825257992e-06,-2.215561835328117e-06,-2.1162686607567593e-06,-2.016975713559077e-06,-1.917682766361395e-06,-1.8183898191637127e-06,-1.7190967582791927e-06,-1.6198038110815105e-06,-1.5205107501969906e-06,-1.4212178029993083e-06,-1.3219248558016261e-06,-1.2226317949171062e-06,-1.123338847719424e-06,-1.024045786834904e-06,-9.247528396372218e-07,-8.254598924395395e-07,-7.261668883984385e-07,-6.268738843573374e-07,-5.275808803162363e-07,-4.2828790469684463e-07,-3.28994929077453e-07,-2.297019250363519e-07,-1.3040893520610553e-07,-3.1115945375859155e-08,6.817704445438721e-08,1.6746980691095814e-07,2.667628109520592e-07,3.660557865714509e-07,4.6534876219084254e-07,5.646417662319436e-07,6.639347702730447e-07,7.632277174707269e-07,8.62520721511828e-07,9.61813725552929e-07,1.0611066727506113e-06,1.1603997336351313e-06,1.2596926808328135e-06,1.3589856280304957e-06,1.4582786889150157e-06,1.5575716361126979e-06,1.6568646969972178e-06,1.7561576441949e-06,1.8554505913925823e-06,1.9547435385902645e-06,2.054036713161622e-06,2.1533296603593044e-06,2.2526226075569866e-06,2.351915554754669e-06,2.451208501952351e-06,2.5505014491500333e-06,2.649794623721391e-06,2.749087570919073e-06,2.8483805181167554e-06,2.9476734653144376e-06,3.04696641251212e-06,3.1462595870834775e-06,3.2455525342811598e-06,3.344845481478842e-06],"_type":"histogram","values":[1,6,16,9,10,9,14,19,40,85,59,52,145,196,298,205,342,618,1123,2052,3452,4655,6436,9380,13928,20348,31496,54191,115553,434774,4.887244e+06,228824,85512,43930,27004,18030,11953,8527,5563,3474,2732,1610,1189,752,570,298,216,120,97,92,75,24,12,10,8,7,3,2,0,0,1,0,0,1]},"gradients/layers.1.conv.bias":{"values":[1,0,1,0,3,1,0,1,2,1,0,2,1,4,2,4,4,3,3,5,6,4,3,4,9,21,82,250,26,4,3,6,3,6,2,3,3,0,1,4,2,1,1,1,2,1,1,2,2,2,1,1,0,0,0,0,0,0,0,0,0,0,0,1],"bins":[-2.326453795831185e-05,-2.2411715690395795e-05,-2.155889342247974e-05,-2.0706071154563688e-05,-1.9853248886647634e-05,-1.900042661873158e-05,-1.8147604350815527e-05,-1.7294782082899474e-05,-1.6441961633972824e-05,-1.558913936605677e-05,-1.4736316188646015e-05,-1.3883493920729961e-05,-1.303067256230861e-05,-1.2177850294392556e-05,-1.1325028026476502e-05,-1.0472205758560449e-05,-9.619383490644395e-06,-8.766561222728342e-06,-7.913738954812288e-06,-7.060917141643586e-06,-6.208094873727532e-06,-5.3552726058114786e-06,-4.502450792642776e-06,-3.6496285247267224e-06,-2.796806256810669e-06,-1.9439839888946153e-06,-1.0911619483522372e-06,-2.3833979412302142e-07,6.144823601061944e-07,1.4673045143354102e-06,2.320126668564626e-06,3.172948709107004e-06,4.025769158033654e-06,4.878591425949708e-06,5.731413693865761e-06,6.584235507034464e-06,7.437057774950517e-06,8.28987958811922e-06,9.142701856035274e-06,9.995524123951327e-06,1.084834639186738e-05,1.1701168659783434e-05,1.2553990927699488e-05,1.3406813195615541e-05,1.4259634554036893e-05,1.5112456821952946e-05,1.5965279089869e-05,1.6818101357785054e-05,1.7670923625701107e-05,1.852374589361716e-05,1.9376568161533214e-05,2.0229390429449268e-05,2.108221269736532e-05,2.1935034965281375e-05,2.2787857233197428e-05,2.3640679501113482e-05,2.4493499950040132e-05,2.5346322217956185e-05,2.619914448587224e-05,2.7051966753788292e-05,2.7904789021704346e-05,2.87576112896204e-05,2.9610433557536453e-05,3.0463255825452507e-05,3.131607809336856e-05],"_type":"histogram"},"gradients/layers.0.conv.weight":{"_type":"histogram","values":[1,4,1,4,4,2,4,8,9,8,13,21,22,39,45,50,65,86,119,198,230,408,848,1517,2902,9785,81384,3.182826e+06,57720,8639,3291,1450,734,520,277,111,89,76,62,46,43,31,14,25,25,22,15,14,14,14,8,11,7,13,20,13,11,7,7,8,3,5,2,2],