{"gradients/graph_2to_out.weight":{"_type":"histogram","values":[2,0,0,0,0,1,0,3,0,2,3,1,2,2,5,12,9,15,24,18,22,33,56,65,81,85,112,79,64,42,37,31,16,16,15,12,5,3,3,2,4,3,2,2,3,0,0,1,1,0,0,0,0,0,0,0,0,0,0,0,1,0,0,1],"bins":[-2.5615452614147216e-05,-2.462033626215998e-05,-2.3625219910172746e-05,-2.2630101739196107e-05,-2.163498538720887e-05,-2.0639869035221636e-05,-1.9644750864244998e-05,-1.8649634512257762e-05,-1.7654518160270527e-05,-1.6659401808283292e-05,-1.5664285456296057e-05,-1.4669167285319418e-05,-1.3674050933332182e-05,-1.2678934581344947e-05,-1.168381731986301e-05,-1.0688700058381073e-05,-9.693583706393838e-06,-8.698467354406603e-06,-7.703350092924666e-06,-6.7082332861900795e-06,-5.713116479455493e-06,-4.717999672720907e-06,-3.722882865986321e-06,-2.727766059251735e-06,-1.7326492525171489e-06,-7.375324457825627e-07,2.575843609520234e-07,1.2527011676866096e-06,2.2478179744211957e-06,3.242934781155782e-06,4.238051587890368e-06,5.233168394624954e-06,6.228281563380733e-06,7.223398370115319e-06,8.218515176849905e-06,9.213632438331842e-06,1.0208748790319078e-05,1.1203865142306313e-05,1.219898240378825e-05,1.3194099665270187e-05,1.4189216017257422e-05,1.5184332369244657e-05,1.6179448721231893e-05,1.717456689220853e-05,1.8169683244195767e-05,1.9164799596183002e-05,2.015991776715964e-05,2.1155034119146876e-05,2.215015047113411e-05,2.3145266823121347e-05,2.4140383175108582e-05,2.513550134608522e-05,2.6130617698072456e-05,2.712573405005969e-05,2.812085222103633e-05,2.9115968573023565e-05,3.01110849250108e-05,3.110620309598744e-05,3.210131762898527e-05,3.309643579996191e-05,3.409155033295974e-05,3.508666850393638e-05,3.608178667491302e-05,3.707690120791085e-05,3.807201937888749e-05]},"best_val_loss":0.0005829377321658415,"_runtime":6991.655997209,"parameters/graph_4layers.1.conv.bias":{"_type":"histogram"},"gradients/graph_2layers.0.conv.weight":{"bins":[-6.766200840502279e-06,-6.550364105351036e-06,-6.334527824947145e-06,-6.118691089795902e-06,-5.90285435464466e-06,-5.687018074240768e-06,-5.471181339089526e-06,-5.255344603938283e-06,-5.039508323534392e-06,-4.823671588383149e-06,-4.607834853231907e-06,-4.3919981180806644e-06,-4.176161837676773e-06,-3.96032510252553e-06,-3.7444885947479634e-06,-3.528651859596721e-06,-3.312815351819154e-06,-3.096978844041587e-06,-2.8811421088903444e-06,-2.6653056011127774e-06,-2.449468865961535e-06,-2.233632358183968e-06,-2.017795850406401e-06,-1.8019592289419961e-06,-1.5861226074775914e-06,-1.3702859860131866e-06,-1.1544493645487819e-06,-9.386128567712149e-07,-7.227762353068101e-07,-5.069396138424054e-07,-2.911030492214195e-07,-7.526645617872418e-08,1.4057013686397113e-07,3.5640672990666644e-07,5.722433229493618e-07,7.880798875703476e-07,1.0039165090347524e-06,1.2197531304991571e-06,1.4355896382767241e-06,1.6514262597411289e-06,1.8672628812055336e-06,2.0830993889831007e-06,2.298936124134343e-06,2.51477263191191e-06,2.730609139689477e-06,2.9464458748407196e-06,3.1622823826182866e-06,3.378119117769529e-06,3.593955625547096e-06,3.809792133324663e-06,4.02562864110223e-06,4.241465376253473e-06,4.457302111404715e-06,4.673138391808607e-06,4.888975126959849e-06,5.104811862111092e-06,5.320648597262334e-06,5.536484877666226e-06,5.752321612817468e-06,5.968158347968711e-06,6.183994628372602e-06,6.399831363523845e-06,6.615668098675087e-06,6.831504379078979e-06,7.047341114230221e-06],"_type":"histogram","values":[1,1,1,0,1,1,2,5,5,5,11,28,23,11,9,37,59,75,79,107,148,136,228,281,271,492,706,1223,1813,3254,8829,148778,5137,2694,1506,957,640,488,399,303,200,141,135,72,96,63,31,45,48,40,12,13,20,13,6,4,12,4,4,1,1,2,2,3]},"_step":80,"gradients/graph_2layers.0.conv.bias":{"_type":"histogram","values":[1,0,0,0,1,0,0,0,0,0,1,0,0,1,1,0,1,0,0,0,0,3,0,0,0,2,1,2,1,0,1,2,5,1,3,7,156,33,4,5,4,1,5,3,0,3,1,0,1,0,0,0,0,0,2,0,0,1,0,1,0,1,0,1],"bins":[-3.777521487791091e-05,-3.6748922866536304e-05,-3.57226308551617e-05,-3.4696342481765896e-05,-3.367005047039129e-05,-3.264375845901668e-05,-3.161746644764207e-05,-3.0591174436267465e-05,-2.956488424388226e-05,-2.8538592232507654e-05,-2.751230204012245e-05,-2.6486010028747842e-05,-2.5459718017373234e-05,-2.443342782498803e-05,-2.3407135813613422e-05,-2.2380845621228218e-05,-2.135455360985361e-05,-2.0328261598479003e-05,-1.93019714060938e-05,-1.827567939471919e-05,-1.7249389202333987e-05,-1.622309719095938e-05,-1.5196805179584771e-05,-1.4170514077704865e-05,-1.314422297582496e-05,-1.2117931873945054e-05,-1.1091640772065148e-05,-1.006534876069054e-05,-9.039057658810634e-06,-8.012766556930728e-06,-6.9864750003034715e-06,-5.960183443676215e-06,-4.933894160785712e-06,-3.907603058905806e-06,-2.8813115022785496e-06,-1.8550201730249682e-06,-8.287288437713869e-07,1.9756248548219446e-07,1.2238538147357758e-06,2.250145143989357e-06,3.2764364732429385e-06,4.3027275751228444e-06,5.329019131750101e-06,6.355310688377358e-06,7.381601790257264e-06,8.40789289213717e-06,9.434184903511778e-06,1.0460476005391683e-05,1.148676710727159e-05,1.2513058209151495e-05,1.3539349311031401e-05,1.4565641322406009e-05,1.5591933333780617e-05,1.661822352616582e-05,1.764451553754043e-05,1.8670805729925632e-05,1.969709774130024e-05,2.0723389752674848e-05,2.1749679945060052e-05,2.277597195643466e-05,2.3802262148819864e-05,2.482855416019447e-05,2.585484617156908e-05,2.6881136363954283e-05,2.790742837532889e-05]},"gradients/graph_2to_out.bias":{"_type":"histogram","values":[1,0,1,0,0,0,0,0,0,0,0,0,0,0,2,0,2,0,0,0,0,0,0,0,0,0,0,1,1,0,1,1,0,0,1,0,0,0,0,0,0,0,0,1,0,0,0,0,0,0,0,0,0,0,0,0,0,0,0,1,0,0,0,1],"bins":[-0.00012818584218621254,-0.00012515968410298228,-0.00012213352601975203,-0.00011910736066056415,-0.0001160812025773339,-0.00011305504449410364,-0.00011002888641087338,-0.00010700272832764313,-0.00010397656296845526,-0.000100950404885225,-9.792424680199474e-05,-9.489808871876448e-05,-9.187193063553423e-05,-8.884577255230397e-05,-8.58196071931161e-05,-8.279344910988584e-05,-7.976729102665558e-05,-7.674113294342533e-05,-7.371497486019507e-05,-7.06888095010072e-05,-6.766265141777694e-05,-6.463649333454669e-05,-6.161033525131643e-05,-5.8584173530107364e-05,-5.555801544687711e-05,-5.253185736364685e-05,-4.9505695642437786e-05,-4.647953755920753e-05,-4.345337947597727e-05,-4.042721775476821e-05,-3.740105967153795e-05,-3.4374897950328887e-05,-3.134873986709863e-05,-2.832257996487897e-05,-2.529642006265931e-05,-2.227026197942905e-05,-1.924410207720939e-05,-1.621794217498973e-05,-1.3191783182264771e-05,-1.0165624189539813e-05,-7.139464287320152e-06,-4.113304839847842e-06,-1.0871453923755325e-06,1.939014055096777e-06,4.965173502569087e-06,7.991333404788747e-06,1.1017492397513706e-05,1.4043651390238665e-05,1.7069811292458326e-05,2.0095971194677986e-05,2.3122131096897647e-05,2.6148289180127904e-05,2.9174449082347564e-05,3.2200608984567225e-05,3.522676706779748e-05,3.8252928789006546e-05,4.12790868722368e-05,4.430524495546706e-05,4.7331406676676124e-05,5.035756475990638e-05,5.338372284313664e-05,5.64098845643457e-05,5.943604264757596e-05,6.246220436878502e-05,6.548836245201528e-05]},"parameters/graph_6layers.1.conv.bias":{"_type":"histogram"},"parameters/graph_4layers.0.conv.weight":{"_type":"histogram"},"val_loss":0.0005829377321658415,"_timestamp":1.7457440887669728e+09,"parameters/graph_6layers.1.conv.weight":{"_type":"histogram"},"epoch":30,"parameters/graph_6layers.0.conv.weight":{"_type":"histogram"},"parameters/graph_4to_out.bias":{"_type":"histogram"},"parameters/graph_4layers.1.conv.weight":{"_type":"histogram"},"parameters/graph_4to_out.weight":{"_type":"histogram"},"_wandb":{"runtime":6991},"parameters/graph_6layers.0.conv.bias":{"_type":"histogram"},