{"best_val_loss":0.005670397933869367,"_wandb":{"runtime":33},"_step":3,"epoch":2,"train_loss":0.008718568046956702,"val_loss":0.005670397933869367,"_timestamp":1.7458327141161184e+09,"_runtime":31.76554598}