{"_step":18,"best_val_loss":0.0007608248576746389,"_wandb":{"runtime":901},"epoch":10,"train_loss":0.0005599035164734057,"val_loss":0.0007608248576746389,"_timestamp":1.7457771489916732e+09,"_runtime":899.90740058}