{"gradients/layers.1.conv.weight":{"bins":[-0.003090021898970008,-0.0029911790043115616,-0.002892336342483759,-0.0027934934478253126,-0.00269465078599751,-0.0025958078913390636,-0.002496965229511261,-0.0023981223348528147,-0.0022992794401943684,-0.0022004367783665657,-0.0021015938837081194,-0.0020027512218803167,-0.0019039083272218704,-0.001805065548978746,-0.0017062227707356215,-0.001607379992492497,-0.0015085372142493725,-0.001409694436006248,-0.0013108516577631235,-0.001212008879519999,-0.0011131661012768745,-0.0010143232066184282,-0.0009154804283753037,-0.0008166376501321793,-0.0007177948718890548,-0.0006189520936459303,-0.0005201093154028058,-0.0004212664789520204,-0.0003224237007088959,-0.0002235809079138562,-0.0001247381151188165,-2.589532232377678e-05,7.294770330190659e-05,0.0001717904960969463,0.000270633288891986,0.00036947609623894095,0.00046831887448206544,0.0005671616527251899,0.0006660044891759753,0.0007648472674190998,0.0008636900456622243,0.0009625328239053488,0.0010613756021484733,0.0011602183803915977,0.001259061275050044,0.0013579040532931685,0.001456746831536293,0.0015555896097794175,0.001654432388022542,0.0017532751662656665,0.001852117944508791,0.0019509607227519155,0.00204980350099504,0.0021486463956534863,0.002247489057481289,0.0023463319521397352,0.0024451748467981815,0.002544017508625984,0.0026428604032844305,0.002741703065112233,0.0028405459597706795,0.002939388621598482,0.0030382315162569284,0.003137074178084731,0.0032359170727431774],"_type":"histogram","values":[3,1,3,13,38,55,60,156,178,234,243,265,337,388,495,594,649,729,1020,1285,1438,1942,2340,2935,4273,6527,10468,15848,26550,54406,193839,662758,93228,35900,19069,12108,7678,5050,3303,2484,2092,1635,1305,1174,815,740,611,464,369,294,256,239,243,209,114,71,47,31,24,13,5,2,3,2]},"_runtime":2664.063605781,"gradients/layers.0.conv.weight":{"bins":[-0.21771211922168732,-0.21056479215621948,-0.20341746509075165,-0.196270152926445,-0.18912282586097717,-0.18197549879550934,-0.1748281717300415,-0.16768084466457367,-0.16053351759910583,-0.1533862054347992,-0.14623887836933136,-0.13909155130386353,-0.1319442242383957,-0.12479690462350845,-0.11764957755804062,-0.11050225794315338,-0.10335493087768555,-0.09620760381221771,-0.08906028419733047,-0.08191295713186264,-0.0747656375169754,-0.06761831045150757,-0.060470983386039734,-0.0533236600458622,-0.04617633670568466,-0.039029013365507126,-0.03188169002532959,-0.024734362959861755,-0.01758703961968422,-0.010439715348184109,-0.003292391076683998,0.0038549331948161125,0.011002257466316223,0.01814958080649376,0.025296906009316444,0.03244423121213913,0.039591554552316666,0.0467388778924942,0.053886204957962036,0.06103352829813957,0.06818085163831711,0.07532817870378494,0.08247549831867218,0.08962282538414001,0.09677015244960785,0.10391747206449509,0.11106479912996292,0.11821211874485016,0.125359445810318,0.13250677287578583,0.13965409994125366,0.1468014121055603,0.15394873917102814,0.16109606623649597,0.1682433933019638,0.17539072036743164,0.18253803253173828,0.18968535959720612,0.19683268666267395,0.20398001372814178,0.21112734079360962,0.21827466785907745,0.2254219800233841,0.23256930708885193,0.23971663415431976],"_type":"histogram","values":[1,1,2,2,2,1,0,2,4,3,1,4,2,4,2,7,3,4,5,6,10,4,18,29,32,66,150,235,581,4413,644745,3060,452,223,88,49,28,25,9,12,14,5,2,3,2,2,3,2,4,1,1,0,1,3,3,2,0,0,0,0,0,0,0,3]},"best_val_loss":5.838999971747398,"val_loss":5.838999971747398,"gradients/to_out.weight":{"_type":"histogram","values":[5,6,7,14,2,4,3,6,2,1,4,3,14,19,14,13,35,19,30,26,37,46,45,48,53,64,89,92,90,80,29,14,12,47,83,84,89,76,60,59,48,29,43,25,36,31,26,22,9,16,12,14,3,0,1,5,2,5,7,11,8,7,5,3],"bins":[-0.03760311380028725,-0.036421552300453186,-0.035239990800619125,-0.034058429300785065,-0.032876867800951004,-0.03169530630111694,-0.030513742938637733,-0.029332181438803673,-0.028150619938969612,-0.02696905843913555,-0.02578749693930149,-0.02460593543946743,-0.02342437207698822,-0.02224281057715416,-0.0210612490773201,-0.019879687577486038,-0.018698126077651978,-0.017516564577817917,-0.016335003077983856,-0.015153440646827221,-0.01397187914699316,-0.0127903176471591,-0.011608755216002464,-0.010427193716168404,-0.009245632216334343,-0.008064070716500282,-0.006882508751004934,-0.005700946785509586,-0.004519385285675526,-0.0033378235530108213,-0.002156261820346117,-0.0009747000876814127,0.00020685791969299316,0.0013884196523576975,0.002569981385022402,0.003751543117687106,0.0049331048503518105,0.006114666350185871,0.007296228315681219,0.008477790281176567,0.009659351781010628,0.010840913280844688,0.012022474780678749,0.013204037211835384,0.014385598711669445,0.015567160211503506,0.01674872264266014,0.0179302841424942,0.019111845642328262,0.020293407142162323,0.021474968641996384,0.022656530141830444,0.023838091641664505,0.025019655004143715,0.026201216503977776,0.027382778003811836,0.028564339503645897,0.029745901003479958,0.030927462503314018,0.03210902586579323,0.03329058736562729,0.03447214886546135,0.03565371036529541,0.03683527186512947,0.03801683336496353]},"gradients/layers.0.conv.bias":{"_type":"histogram","values":[1,0,0,0,1,0,2,0,1,2,0,2,2,2,2,3,5,4,6,6,7,12,18,65,226,87,12,9,4,3,5,4,2,1,2,3,3,2,1,1,1,0,2,0,1,0,0,0,0,0,1,0,0,0,0,0,0,0,0,0,0,0,0,1],"bins":[-0.01663104072213173,-0.01595449633896351,-0.015277953818440437,-0.014601409435272217,-0.013924865983426571,-0.013248322531580925,-0.012571778148412704,-0.011895234696567059,-0.011218691244721413,-0.010542147792875767,-0.00986560434103012,-0.0091890599578619,-0.008512516506016254,-0.007835973054170609,-0.007159429136663675,-0.006482885219156742,-0.005806341767311096,-0.00512979831546545,-0.004453254397958517,-0.0037767107132822275,-0.003100167028605938,-0.0024236233439296484,-0.0017470796592533588,-0.0010705359745770693,-0.0003939922899007797,0.00028255139477550983,0.0009590950794517994,0.001635638764128089,0.0023121824488043785,0.002988726133480668,0.0036652698181569576,0.004341813735663891,0.005018357187509537,0.005694900639355183,0.006371444556862116,0.007047988474369049,0.007724531926214695,0.008401075378060341,0.009077619761228561,0.009754163213074207,0.010430706664919853,0.011107250116765499,0.011783793568611145,0.012460337951779366,0.013136881403625011,0.013813424855470657,0.014489969238638878,0.015166512690484524,0.01584305614233017,0.01651960052549839,0.01719614304602146,0.017872687429189682,0.018549229949712753,0.019225774332880974,0.019902318716049194,0.020578861236572266,0.021255405619740486,0.021931950002908707,0.022608492523431778,0.0232850369066,0.02396158128976822,0.02463812381029129,0.02531466819345951,0.025991210713982582,0.026667755097150803]},"gradients/to_out.bias":{"values":[1,0,0,0,0,0,0,0,0,0,0,1,0,0,0,0,0,0,0,0,1,0,0,0,0,0,0,0,0,0,0,0,0,0,0,0,0,0,0,0,0,0,1,1,0,1,0,0,0,1,0,1,1,1,1,0,0,0,0,1,0,0,1,1],