{"_wandb":{"runtime":49},"_runtime":49.03839205,"_step":7,"epoch":4,"train_loss":0.0069435855302099996,"val_loss":0.006035599715234536,"_timestamp":1.7458353582706392e+09,"best_val_loss":0.006035599715234536}