{"_wandb":{"runtime":72},"val_loss":0.0025565110491852293,"_step":7,"_timestamp":1.746189815047967e+09,"best_val_loss":0.0025565110491852293,"epoch":4,"train_loss":0.0017393140946156704,"_runtime":72.499517373}