{"gradients/to_out.bias":{"bins":[-0.0035419235937297344,-0.0034120408818125725,-0.003282158402726054,-0.003152275923639536,-0.003022393211722374,-0.002892510499805212,-0.0027626280207186937,-0.0026327455416321754,-0.0025028628297150135,-0.0023729801177978516,-0.0022430976387113333,-0.002113215159624815,-0.001983332447707653,-0.001853449852205813,-0.0017235672567039728,-0.0015936846612021327,-0.0014638020657002926,-0.0013339194701984525,-0.0012040368746966124,-0.0010741542791947722,-0.0009442716836929321,-0.000814389088191092,-0.0006845064926892519,-0.0005546238971874118,-0.00042474130168557167,-0.00029485870618373156,-0.00016497611068189144,-3.509351518005133e-05,9.478908032178879e-05,0.0002246716758236289,0.000354554271325469,0.00048443686682730913,0.0006143194623291492,0.0007442020578309894,0.0008740846533328295,0.0010039672488346696,0.0011338498443365097,0.0012637324398383498,0.00139361503534019,0.00152349763084203,0.0016533802263438702,0.0017832628218457103,0.0019131454173475504,0.0020430278964340687,0.0021729106083512306,0.0023027933202683926,0.002432675799354911,0.002562558278441429,0.002692440990358591,0.002822323702275753,0.0029522061813622713,0.0030820886604487896,0.0032119713723659515,0.0033418540842831135,0.0034717365633696318,0.00360161904245615,0.003731501754373312,0.003861384466290474,0.003991266712546349,0.0041211494244635105,0.0042510321363806725,0.004380914848297834,0.004510797560214996,0.004640679806470871,0.004770562518388033],"_type":"histogram","values":[1,0,0,1,0,0,0,0,1,0,0,0,1,0,1,0,0,0,0,0,0,0,0,0,0,1,0,0,0,0,0,0,0,0,0,0,1,0,0,0,0,0,1,0,0,0,1,2,0,0,0,0,0,0,0,0,1,0,0,0,0,0,1,1]},"_step":25,"best_val_loss":0.014866098185550968,"epoch":19,"train_loss":0.011996402801014484,"gradients/layers.0.conv.weight":{"values":[6,3,0,2,3,3,1,0,0,0,2,3,1,9,3,0,3,6,10,31,24,40,61,39,71,120,198,274,573,1447,3868,17946,605083,17204,3891,1666,686,308,224,161,130,77,32,25,4,25,17,6,5,1,2,7,6,3,2,6,7,2,0,0,2,1,3,3],"bins":[-0.002323100110515952,-0.0022516234312206507,-0.0021801465190947056,-0.002108669839799404,-0.0020371931605041027,-0.0019657164812088013,-0.001894239685498178,-0.0018227628897875547,-0.0017512862104922533,-0.0016798095311969519,-0.0016083327354863286,-0.0015368559397757053,-0.001465379260480404,-0.0013939025811851025,-0.0013224257854744792,-0.001250948989763856,-0.0011794723104685545,-0.001107995631173253,-0.0010365188354626298,-0.0009650420979596674,-0.0008935653604567051,-0.0008220886229537427,-0.0007506118854507804,-0.000679135147947818,-0.0006076584104448557,-0.0005361816729418933,-0.000464704935438931,-0.00039322819793596864,-0.0003217514604330063,-0.00025027472293004394,-0.00017879798542708158,-0.00010732124792411923,-3.584427759051323e-05,3.563245991244912e-05,0.00010710919741541147,0.00017858593491837382,0.0002500626724213362,0.0003215394099242985,0.0003930161474272609,0.0004644928849302232,0.0005359696224331856,0.0006074463599361479,0.0006789230974391103,0.0007503998349420726,0.000821876572445035,0.0008933533099479973,0.0009648300474509597,0.001036306843161583,0.0011077835224568844,0.0011792602017521858,0.001250736997462809,0.0013222137931734324,0.0013936904724687338,0.0014651671517640352,0.0015366439474746585,0.0016081207431852818,0.0016795974224805832,0.0017510741017758846,0.001822550897486508,0.0018940276931971312,0.0019655043724924326,0.002036981051787734,0.002108457963913679,0.0021799346432089806,0.002251411322504282],"_type":"histogram"},"_runtime":258.625554585,"_timestamp":1.7463743506113799e+09,"gradients/layers.1.conv.weight":{"values":[3,3,0,3,0,3,2,1,1,2,0,0,2,1,3,0,13,5,6,18,8,3,10,22,14,31,47,51,56,74,84,130,194,305,516,898,2264,7160,50986,1.088021e+06,19768,4731,2055,815,428,254,199,85,90,84,66,27,2,20,14,15,10,14,14,9,2,0,3,3],"bins":[-0.0010527541162446141,-0.0010259903501719236,-0.0009992265840992332,-0.0009724628762342036,-0.000945699168369174,-0.0009189354022964835,-0.000892171636223793,-0.0008654079283587635,-0.000838644162286073,-0.0008118804544210434,-0.0007851166883483529,-0.0007583529222756624,-0.0007315892144106328,-0.0007048254483379424,-0.0006780617404729128,-0.0006512979744002223,-0.0006245342083275318,-0.0005977705004625022,-0.0005710067343898118,-0.0005442430265247822,-0.0005174792604520917,-0.0004907155525870621,-0.00046395178651437163,-0.0004371880495455116,-0.0004104243125766516,-0.0003836605465039611,-0.00035689680953510106,-0.000330133072566241,-0.000303369335597381,-0.00027660559862852097,-0.0002498418325558305,-0.00022307809558697045,-0.00019631435861811042,-0.0001695506216492504,-0.00014278687012847513,-0.0001160231331596151,-8.925938891479746e-05,-6.249564466997981e-05,-3.5731904063140973e-05,-8.968161637312733e-06,1.7795580788515508e-05,4.455932503333315e-05,7.13230692781508e-05,9.808680624701083e-05,0.00012485054321587086,0.00015161429473664612,0.00017837803170550615,0.0002051417832262814,0.00023190552019514143,0.00025866925716400146,0.0002854329941328615,0.000312196760205552,0.000338960497174412,0.00036572423414327204,0.00039248797111213207,0.0004192517080809921,0.00044601544504985213,0.0004727792111225426,0.0004995429189875722,0.0005263066850602627,0.0005530704511329532,0.0005798341589979827,0.0006065979250706732,0.0006333616329357028,0.0006601253990083933],"_type":"histogram"},"_wandb":{"runtime":262},"gradients/layers.1.conv.bias":{"_type":"histogram","values":[1,1,0,0,0,0,1,0,0,0,1,2,2,1,4,7,9,10,32,201,173,31,12,10,1,1,3,1,0,1,1,0,0,1,1,0,1,0,0,0,0,0,1,0,1,0,0,0,0,0,0,0,0,0,0,0,0,0,0,0,0,0,0,1],"bins":[-0.0006586911040358245,-0.000625532295089215,-0.0005923734279349446,-0.0005592146189883351,-0.0005260558100417256,-0.0004928970010951161,-0.0004597381630446762,-0.00042657932499423623,-0.00039342051604762673,-0.00036026170710101724,-0.0003271028690505773,-0.00029394403100013733,-0.00026078522205352783,-0.0002276263985550031,-0.00019446757505647838,-0.00016130875155795366,-0.00012814992805942893,-9.49911045609042e-05,-6.183228106237948e-05,-2.8673457563854754e-05,4.4853659346699715e-06,3.76441894331947e-05,7.080301293171942e-05,0.00010396183643024415,0.00013712065992876887,0.0001702794834272936,0.00020343830692581832,0.00023659713042434305,0.0002697559539228678,0.00030291476286947727,0.0003360736009199172,0.0003692324389703572,0.00040239118970930576,0.00043554999865591526,0.0004687088367063552,0.0005018676747567952,0.0005350264837034047,0.0005681852926500142,0.0006013441598042846,0.0006345029687508941,0.0006676617776975036,0.0007008205866441131,0.0007339793955907226,0.000767138262744993,0.0008002970716916025,0.000833455880638212,0.0008666147477924824,0.0008997735567390919,0.0009329323656857014,0.0009660911746323109,0.0009992499835789204,0.0010324087925255299,0.0010655676014721394,0.0010987265268340707,0.0011318853357806802,0.0011650441447272897,0.0011982029536738992,0.0012313617626205087,0.0012645205715671182,0.0012976793805137277,0.001330838305875659,0.0013639971148222685,0.001397155923768878,0.0014303147327154875,0.001463473541662097]},"val_loss":0.019942970697048576,"gradients/to_out.weight":{"values":[1,0,1,0,0,1,0,0,1,0,0,1,1,2,2,3,1,5,6,7,2,4,6,18,13,15,16,25,46,74,141,200,257,278,210,145,101,51,33,19,23,15,21,6,7,4,6,2,2,3,2,0,4,0,2,2,0,1,1,2,0,1,0,2],