{"_step":7,"epoch":4,"best_val_loss":0.00515961369042689,"_wandb":{"runtime":46},"train_loss":0.0060960246035112785,"val_loss":0.00515961369042689,"_timestamp":1.7458337979378495e+09,"_runtime":46.4522196}