{"gradients/graph_2layers.1.conv.weight":{"bins":[-4.393727067508735e-06,-4.255850853951415e-06,-4.117975095141446e-06,-3.9800988815841265e-06,-3.842223122774158e-06,-3.704346909216838e-06,-3.5664706956595182e-06,-3.428594709475874e-06,-3.2907187232922297e-06,-3.1528427371085854e-06,-3.014966750924941e-06,-2.8770905373676214e-06,-2.739214551183977e-06,-2.601338565000333e-06,-2.463462351443013e-06,-2.325586365259369e-06,-2.1877103790757246e-06,-2.0498343928920804e-06,-1.911958406708436e-06,-1.7740821931511164e-06,-1.636206206967472e-06,-1.4983302207838278e-06,-1.3604541209133458e-06,-1.2225780210428638e-06,-1.0847020348592196e-06,-9.468259918321564e-07,-8.089499488050933e-07,-6.710739057780302e-07,-5.33197862750967e-07,-3.953218197239039e-07,-2.5744577669684077e-07,-1.1956973366977763e-07,1.8305854609934613e-08,1.5618189763699775e-07,2.940579406640609e-07,4.31933983691124e-07,5.698100267181871e-07,7.076860697452503e-07,8.455621127723134e-07,9.834382126427954e-07,1.1213141988264397e-06,1.259190185010084e-06,1.397066284880566e-06,1.534942384751048e-06,1.6728183709346922e-06,1.8106943571183365e-06,1.948570570675656e-06,2.0864465568593005e-06,2.2243225430429447e-06,2.362198529226589e-06,2.5000745154102333e-06,2.637950728967553e-06,2.7758267151511973e-06,2.9137027013348415e-06,3.0515789148921613e-06,3.1894549010758055e-06,3.32733088725945e-06,3.465206873443094e-06,3.6030828596267384e-06,3.740959073184058e-06,3.878834831994027e-06,4.016711045551347e-06,4.154587259108666e-06,4.292463017918635e-06,4.430339231475955e-06],"_type":"histogram","values":[2,0,0,1,0,1,0,1,0,5,10,20,10,17,8,29,33,32,66,76,100,129,197,261,406,477,763,1410,1947,3633,7784,157208,31793,6026,3017,1910,1117,686,540,363,315,164,185,122,68,49,36,31,25,10,24,17,9,6,3,12,1,5,3,3,2,5,5,6]},"gradients/graph_2to_out.weight":{"bins":[-0.0001829050452215597,-0.00017784512601792812,-0.00017278519226238132,-0.0001677252585068345,-0.00016266533930320293,-0.00015760542009957135,-0.00015254548634402454,-0.00014748555258847773,-0.00014242563338484615,-0.00013736571418121457,-0.00013230578042566776,-0.00012724584667012095,-0.00012218592746648937,-0.00011712600098690018,-0.00011206607450731099,-0.00010700614802772179,-0.0001019462215481326,-9.68862950685434e-05,-9.182636858895421e-05,-8.676644210936502e-05,-8.170651562977582e-05,-7.664658915018663e-05,-7.158666267059743e-05,-6.652673619100824e-05,-6.146680971141905e-05,-5.640688323182985e-05,-5.134695675224066e-05,-4.6287030272651464e-05,-4.122710379306227e-05,-3.6167177313473076e-05,-3.110725083388388e-05,-2.6047324354294688e-05,-2.0987397874705493e-05,-1.59274713951163e-05,-1.0867544915527105e-05,-5.807618435937911e-06,-7.476919563487172e-07,4.312234523240477e-06,9.372161002829671e-06,1.4432087482418865e-05,1.949201396200806e-05,2.4551940441597253e-05,2.9611866921186447e-05,3.467179340077564e-05,3.9731719880364835e-05,4.479164635995403e-05,4.985157283954322e-05,5.491149931913242e-05,5.997142579872161e-05,6.50313522783108e-05,7.00912787579e-05,7.51512052374892e-05,8.021113171707839e-05,8.527105819666758e-05,9.033098467625678e-05,9.539091115584597e-05,0.00010045083763543516,0.00010551076411502436,0.00011057069059461355,0.00011563061707420275,0.00012069054355379194,0.00012575046275742352,0.00013081039651297033,0.00013587033026851714,0.00014093024947214872],"_type":"histogram","values":[1,0,0,0,0,0,0,0,0,0,0,0,1,1,0,0,0,2,0,1,1,1,6,0,3,4,2,10,6,12,10,17,22,25,32,34,47,53,38,24,30,12,16,8,8,1,4,1,3,4,0,1,0,1,0,0,2,0,0,0,2,1,0,1]},"_runtime":2854.434036089,"gradients/graph_2layers.3.conv.bias":{"bins":[-4.738806819659658e-05,-4.602520493790507e-05,-4.4662345317192376e-05,-4.329948205850087e-05,-4.1936622437788174e-05,-4.057375917909667e-05,-3.921089955838397e-05,-3.784803629969247e-05,-3.648517304100096e-05,-3.5122313420288265e-05,-3.375945016159676e-05,-3.239659054088406e-05,-3.103372728219256e-05,-2.9670865842490457e-05,-2.8308004402788356e-05,-2.6945142963086255e-05,-2.5582281523384154e-05,-2.4219420083682053e-05,-2.2856558643979952e-05,-2.149369720427785e-05,-2.013083576457575e-05,-1.8767972505884245e-05,-1.7405111066182144e-05,-1.6042249626480043e-05,-1.4679388186777942e-05,-1.331652674707584e-05,-1.195366530737374e-05,-1.0590802958176937e-05,-9.227941518474836e-06,-7.865080078772735e-06,-6.502218184323283e-06,-5.139356289873831e-06,-3.776491212192923e-06,-2.4136295451171463e-06,-1.0507678780413698e-06,3.1209378903440665e-07,1.6749554561101831e-06,3.0378171231859596e-06,4.400678790261736e-06,5.763540684711188e-06,7.126402124413289e-06,8.48926356411539e-06,9.852125003817491e-06,1.1214987353014294e-05,1.2577848792716395e-05,1.3940710232418496e-05,1.53035725816153e-05,1.66664340213174e-05,1.80292954610195e-05,1.9392156900721602e-05,2.0755018340423703e-05,2.2117879780125804e-05,2.3480741219827905e-05,2.484360447851941e-05,2.620646591822151e-05,2.7569327357923612e-05,2.8932188797625713e-05,3.0295050237327814e-05,3.165791349601932e-05,3.3020773116732016e-05,3.438363637542352e-05,3.574649599613622e-05,3.710935925482772e-05,3.847221887554042e-05,3.9835082134231925e-05],"_type":"histogram","values":[1,0,1,0,0,0,2,0,0,0,0,0,0,0,0,0,0,2,0,0,0,0,1,4,0,2,3,4,4,1,3,7,7,6,18,8,13,11,11,3,2,2,3,0,0,0,1,0,0,0,1,1,1,1,2,0,0,0,0,0,1,0,0,1]},"train_loss":0.00044310775498511743,"gradients/graph_2layers.3.conv.weight":{"_type":"histogram","values":[5,4,0,5,11,7,4,0,0,21,11,4,15,27,12,27,20,33,40,13,29,101,115,128,117,242,581,798,1361,2331,4706,11827,61949,75640,12573,5099,2738,1209,799,570,346,153,93,132,93,53,31,53,34,22,37,22,7,9,5,9,7,2,10,11,1,6,3,9],"bins":[-1.5126766811590642e-05,-1.4668883522972465e-05,-1.421100114384899e-05,-1.3753117855230812e-05,-1.3295235476107337e-05,-1.283735218748916e-05,-1.2379468898870982e-05,-1.1921586519747507e-05,-1.146370323112933e-05,-1.1005820852005854e-05,-1.0547937563387677e-05,-1.00900542747695e-05,-9.632171895646024e-06,-9.174288607027847e-06,-8.716406227904372e-06,-8.258522939286195e-06,-7.800639650668018e-06,-7.342757271544542e-06,-6.884874437673716e-06,-6.426991149055539e-06,-5.969108315184712e-06,-5.511225481313886e-06,-5.05334264744306e-06,-4.5954598135722335e-06,-4.137576979701407e-06,-3.6796939184569055e-06,-3.221810857212404e-06,-2.7639280233415775e-06,-2.306045189470751e-06,-1.8481621282262495e-06,-1.3902792943554232e-06,-9.323963467977592e-07,-4.7451339924009517e-07,-1.6630480104140588e-08,4.41252439031814e-07,8.991353297460591e-07,1.3570182773037232e-06,1.8149012248613872e-06,2.2727840587322135e-06,2.730667119976715e-06,3.1885499538475415e-06,3.6464327877183678e-06,4.1043158489628695e-06,4.562198682833696e-06,5.020081516704522e-06,5.477964350575348e-06,5.9358476391935255e-06,6.393730473064352e-06,6.851613306935178e-06,7.309496140806004e-06,7.767379429424182e-06,8.225261808547657e-06,8.683145097165834e-06,9.14102747628931e-06,9.598910764907487e-06,1.0056794053525664e-05,1.051467643264914e-05,1.0972559721267316e-05,1.1430442100390792e-05,1.1888325389008969e-05,1.2346208677627146e-05,1.2804091056750622e-05,1.3261974345368799e-05,1.3719856724492274e-05,1.4177740013110451e-05]},"_timestamp":1.745840535435904e+09,"epoch":15,"gradients/graph_2layers.1.conv.bias":{"_type":"histogram","values":[1,0,0,0,0,1,0,0,0,1,0,0,0,0,0,1,0,0,0,0,1,0,0,0,2,1,0,1,3,0,2,0,4,5,2,5,3,11,171,15,4,5,2,0,4,1,1,2,1,2,1,0,1,0,0,1,0,0,0,0,0,0,0,1],