{"gradients/graph_1layers.1.conv.weight":{"values":[12,6,0,7,9,20,13,26,40,29,44,54,151,110,206,270,482,664,1131,1481,2348,3281,4424,6377,8544,11882,16744,25250,45981,855603,40995,24131,16125,11441,8360,6050,4688,3240,2319,1394,882,792,432,314,211,127,88,69,42,43,29,18,16,27,22,6,4,0,1,6,2,0,3,6],"bins":[-3.376733957338729e-06,-3.2620762340229703e-06,-3.1474185107072117e-06,-3.0327605600177776e-06,-2.918102836702019e-06,-2.8034451133862603e-06,-2.6887873900705017e-06,-2.574129666754743e-06,-2.4594719434389845e-06,-2.3448139927495504e-06,-2.2301562694337917e-06,-2.115498546118033e-06,-2.0008408228022745e-06,-1.8861829857996781e-06,-1.7715252624839195e-06,-1.6568674254813232e-06,-1.5422097021655645e-06,-1.4275519788498059e-06,-1.3128941418472095e-06,-1.198236418531451e-06,-1.0835785815288546e-06,-9.68920858213096e-07,-8.542631348973373e-07,-7.396053547381598e-07,-6.249475745789823e-07,-5.102897944198048e-07,-3.9563204268233676e-07,-2.809742909448687e-07,-1.663165107856912e-07,-5.165874483736843e-08,6.299902111095435e-08,1.7765678705927712e-07,2.9231432563392445e-07,4.0697210579310195e-07,5.216298859522794e-07,6.362876092680381e-07,7.509453894272156e-07,8.65603169586393e-07,9.802608929021517e-07,1.094918729904748e-06,1.2095764532205067e-06,1.3242341765362653e-06,1.4388920135388616e-06,1.5535497368546203e-06,1.668207460170379e-06,1.7828652971729753e-06,1.8975230204887339e-06,2.0121808574913302e-06,2.126838580807089e-06,2.2414963041228475e-06,2.356154027438606e-06,2.47081197812804e-06,2.585469701443799e-06,2.7001274247595575e-06,2.814785148075316e-06,2.9294428713910747e-06,3.0441005947068334e-06,3.1587585453962674e-06,3.273416268712026e-06,3.3880739920277847e-06,3.5027317153435433e-06,3.617389438659302e-06,3.732047389348736e-06,3.846705112664495e-06,3.961362835980253e-06],"_type":"histogram"},"gradients/graph_1layers.1.conv.bias":{"values":[2,0,0,0,1,0,0,0,4,3,0,1,3,3,3,2,2,4,2,2,3,4,6,1,0,7,2,0,3,5,10,52,287,35,1,2,2,1,3,3,6,5,2,1,0,1,2,3,1,2,4,0,2,2,0,1,1,1,1,0,0,1,0,1],"bins":[-4.656010423786938e-05,-4.5133310777600855e-05,-4.3706520955311134e-05,-4.227972749504261e-05,-4.085293767275289e-05,-3.942614421248436e-05,-3.799935439019464e-05,-3.657256092992611e-05,-3.514577110763639e-05,-3.3718977647367865e-05,-3.229218418709934e-05,-3.086539436480962e-05,-2.943860090454109e-05,-2.8011809263261966e-05,-2.6585017621982843e-05,-2.515822598070372e-05,-2.3731434339424595e-05,-2.230464269814547e-05,-2.0877851056866348e-05,-1.9451059415587224e-05,-1.80242677743081e-05,-1.6597474314039573e-05,-1.517068267276045e-05,-1.3743891031481326e-05,-1.2317099390202202e-05,-1.0890307748923078e-05,-9.463516107643954e-06,-8.036723556870129e-06,-6.609931915591005e-06,-5.1831402743118815e-06,-3.756348178285407e-06,-2.3295563096326077e-06,-9.027644409798086e-07,5.240274276729906e-07,1.9508192963257898e-06,3.377611164978589e-06,4.804403033631388e-06,6.231194674910512e-06,7.657987225684337e-06,9.084778866963461e-06,1.0511570508242585e-05,1.1938362149521708e-05,1.3365153790800832e-05,1.4791946341574658e-05,1.6218738892348483e-05,1.7645530533627607e-05,1.907232217490673e-05,2.0499113816185854e-05,2.1925905457464978e-05,2.3352697098744102e-05,2.4779488740023226e-05,2.620628038130235e-05,2.7633072022581473e-05,2.905986548285e-05,3.0486657124129124e-05,3.191344876540825e-05,3.3340242225676775e-05,3.4767032047966495e-05,3.619382550823502e-05,3.762061533052474e-05,3.904740879079327e-05,4.047419861308299e-05,4.190099207335152e-05,4.332778189564124e-05,4.4754575355909765e-05],"_type":"histogram"},"gradients/graph_1layers.0.conv.weight":{"bins":[-7.198042567324592e-06,-6.973303243285045e-06,-6.748563919245498e-06,-6.5238245952059515e-06,-6.299085725913756e-06,-6.074346401874209e-06,-5.849607077834662e-06,-5.624867753795115e-06,-5.4001284297555685e-06,-5.175389105716022e-06,-4.950649781676475e-06,-4.725910457636928e-06,-4.501171133597381e-06,-4.2764322643051855e-06,-4.051692940265639e-06,-3.826953616226092e-06,-3.602214292186545e-06,-3.3774749681469984e-06,-3.1527356441074517e-06,-2.9279965474415803e-06,-2.7032572234020336e-06,-2.4785178993624868e-06,-2.2537788026966155e-06,-2.0290394786570687e-06,-1.804300154617522e-06,-1.5795608305779751e-06,-1.354821620225266e-06,-1.130082409872557e-06,-9.053430858330103e-07,-6.806038186368824e-07,-4.5586455144075444e-07,-2.3112528424462653e-07,-6.386471795849502e-09,2.183527954002784e-07,4.430920625964063e-07,6.678313297925342e-07,8.925705969886621e-07,1.117309921028209e-06,1.342049131380918e-06,1.566788341733627e-06,1.7915276657731738e-06,2.0162669898127206e-06,2.2410063138522673e-06,2.4657454105181387e-06,2.6904847345576854e-06,2.9152240585972322e-06,3.1399631552631035e-06,3.3647024793026503e-06,3.589441803342197e-06,3.814181127381744e-06,4.038920451421291e-06,4.263659775460837e-06,4.488399099500384e-06,4.71313796879258e-06,4.937877292832127e-06,5.162616616871674e-06,5.38735594091122e-06,5.612095264950767e-06,5.836834588990314e-06,6.061573913029861e-06,6.286312782322057e-06,6.511052106361603e-06,6.73579143040115e-06,6.960530754440697e-06,7.185270078480244e-06],"_type":"histogram","values":[2,1,2,0,3,4,2,4,2,2,8,9,9,4,8,6,13,19,25,34,44,47,88,151,218,389,693,1643,3428,7295,15295,119670,435325,17173,6997,3706,1827,733,357,274,177,118,56,32,19,20,15,17,16,11,6,6,5,7,2,4,2,2,4,0,2,0,0,1]},"_wandb":{"runtime":2320},"gradients/graph_1to_out.weight":{"values":[1,1,2,0,0,0,1,2,1,0,4,2,3,2,2,8,8,10,15,21,34,28,41,66,86,113,87,100,105,214,132,112,96,108,78,51,55,31,23,29,19,10,12,4,4,2,2,1,3,1,1,1,1,0,0,1,0,1,0,0,0,0,0,1],"bins":[-3.2801755878608674e-05,-3.168968396494165e-05,-3.057760841329582e-05,-2.9465534680639394e-05,-2.8353460947982967e-05,-2.724138721532654e-05,-2.6129313482670113e-05,-2.5017239750013687e-05,-2.390516601735726e-05,-2.2793094103690237e-05,-2.168102037103381e-05,-2.0568946638377383e-05,-1.9456872905720957e-05,-1.834479917306453e-05,-1.7232725440408103e-05,-1.6120651707751676e-05,-1.500857797509525e-05,-1.3896504242438823e-05,-1.2784430509782396e-05,-1.167235677712597e-05,-1.0560283044469543e-05,-9.448210221307818e-06,-8.336136488651391e-06,-7.224062755994964e-06,-6.111989023338538e-06,-4.999915290682111e-06,-3.887841558025684e-06,-2.7757682801166084e-06,-1.6636945474601816e-06,-5.516209284905926e-07,5.604526904789964e-07,1.6725263094485854e-06,2.7845999284181744e-06,3.896673661074601e-06,5.008747393731028e-06,6.120820671640104e-06,7.23289440429653e-06,8.344967682205606e-06,9.457041414862033e-06,1.056911514751846e-05,1.1681188880174886e-05,1.2793262612831313e-05,1.390533634548774e-05,1.5017410078144167e-05,1.612948290130589e-05,1.7241556633962318e-05,1.8353630366618745e-05,1.9465704099275172e-05,2.05777778319316e-05,2.1689851564588025e-05,2.2801925297244452e-05,2.391399902990088e-05,2.5026072762557305e-05,2.6138146495213732e-05,2.725022022787016e-05,2.8362293960526586e-05,2.947436587419361e-05,3.058644142583944e-05,3.169851333950646e-05,3.281058889115229e-05,3.3922660804819316e-05,3.5034736356465146e-05,3.614680827013217e-05,3.7258883821778e-05,3.837095573544502e-05],"_type":"histogram"},"gradients/graph_1to_out.bias":{"_type":"histogram","values":[1,0,0,0,1,0,0,0,0,0,0,0,0,0,0,0,0,0,0,2,0,0,2,0,1,1,0,0,0,0,0,0,1,0,0,0,0,0,0,1,0,0,0,1,0,0,0,0,0,0,0,0,0,0,0,0,0,2,0,0,0,0,0,1],