{"best_val_loss":0.009597649806624906,"epoch":30,"train_loss":0.0064347408445818086,"val_loss":0.010197618667265816,"_runtime":221.736089106,"_wandb":{"runtime":222},"_step":42,"_timestamp":1.7466313910838356e+09}