{"_step":2,"best_val_loss":0.030538614839315414,"_wandb":{"runtime":11},"epoch":2,"train_loss":0.024979613056140288,"val_loss":0.04815166567762693,"_timestamp":1.746361425332039e+09,"_runtime":11.055820364}