{"best_val_loss":0.008625167542569605,"_wandb":{"runtime":455},"val_loss":0.008625167542569605,"_timestamp":1.7461972049844215e+09,"_runtime":243.386679661,"_step":1,"epoch":1,"train_loss":0.025618483598557222}