{"_step":31,"_timestamp":1.746364120657594e+09,"_wandb":{"runtime":46},"best_val_loss":0.018470264816035826,"val_loss":0.020058313695092995,"_runtime":46.125795509,"epoch":22,"train_loss":0.008942145255527325}