{"_runtime":37.373029495,"_step":16,"_timestamp":1.7484502786331272e+09,"_wandb":{"runtime":37},"best_val_loss":0.02694371089473099,"epoch":10,"train_loss":0.05131867247355449,"val_loss":0.02694371089473099}