{"_timestamp":1.7463642042286096e+09,"epoch":24,"_runtime":53.666299861,"_step":33,"_wandb":{"runtime":53},"best_val_loss":0.018470264816035822,"train_loss":0.008590838639065623,"val_loss":0.018619253144909937}