{"val_loss":0.006578199779531653,"gradients/to_out.bias":{"bins":[-0.005119733512401581,-0.004795123357325792,-0.004470513202250004,-0.004145903047174215,-0.003821292659267783,-0.0034966825041919947,-0.0031720721162855625,-0.002847461961209774,-0.0025228518061339855,-0.002198241651058197,-0.0018736313795670867,-0.0015490211080759764,-0.0012244109530001879,-0.0008998007397167385,-0.000575190526433289,-0.00025058031314983964,7.402990013360977e-05,0.0003986401134170592,0.0007232503267005086,0.001047860598191619,0.0013724707532674074,0.001697080908343196,0.002021691296249628,0.0023463014513254166,0.002670911606401205,0.0029955217614769936,0.003320131916552782,0.003644742304459214,0.003969352692365646,0.004293962847441435,0.004618573002517223,0.004943183157593012,0.0052677933126688,0.005592403467744589,0.005917013622820377,0.006241623777896166,0.006566233932971954,0.00689084455370903,0.007215454708784819,0.007540064863860607,0.007864674553275108,0.008189285174012184,0.00851389579474926,0.008838505484163761,0.009163116104900837,0.009487725794315338,0.009812336415052414,0.010136946104466915,0.010461556725203991,0.010786167345941067,0.011110777035355568,0.011435387656092644,0.011759997345507145,0.01208460796624422,0.012409217655658722,0.012733828276395798,0.013058438897132874,0.013383048586547375,0.01370765920728445,0.014032268896698952,0.014356879517436028,0.014681489206850529,0.015006099827587605,0.015330709517002106,0.01565532013773918],"_type":"histogram","values":[1,0,0,0,0,0,0,0,0,0,0,0,0,0,1,9,0,2,0,0,0,0,0,0,0,0,0,0,0,0,0,0,0,0,0,0,0,0,0,0,0,0,0,0,0,0,0,0,0,0,0,0,0,0,0,0,0,0,0,0,0,0,0,1]},"epoch":10,"train_loss":0.005648587723767542,"gradients/layers.0.conv.bias":{"_type":"histogram","values":[1,0,0,0,0,0,0,0,0,0,0,0,0,0,0,0,0,0,0,2,1,0,2,0,1,2,2,1,5,7,4,5,8,6,3,5,8,188,205,5,3,4,5,5,8,7,2,6,4,4,0,1,1,0,0,0,0,0,0,0,0,0,0,1],"bins":[-0.0015304185217246413,-0.0014900404494255781,-0.0014496624935418367,-0.0014092844212427735,-0.0013689063489437103,-0.001328528393059969,-0.0012881503207609057,-0.0012477722484618425,-0.0012073942925781012,-0.001167016220279038,-0.0011266381479799747,-0.0010862600756809115,-0.0010458821197971702,-0.001005504047498107,-0.0009651260334067047,-0.0009247479611076415,-0.0008843699470162392,-0.0008439919329248369,-0.0008036138606257737,-0.0007632358465343714,-0.0007228577742353082,-0.0006824797601439059,-0.0006421017460525036,-0.0006017236737534404,-0.0005613456596620381,-0.0005209676455706358,-0.0004805895732715726,-0.0004402115591801703,-0.00039983351598493755,-0.0003594554727897048,-0.0003190774586983025,-0.00027869941550306976,-0.00023832125589251518,-0.00019794321269728243,-0.0001575651840539649,-0.00011718714813468978,-7.680911221541464e-05,-3.643107629613951e-05,3.946959623135626e-06,4.432499554241076e-05,8.47030314616859e-05,0.00012508107465691864,0.00016545910330023617,0.00020583713194355369,0.00024621517513878644,0.0002865932183340192,0.0003269712324254215,0.0003673492756206542,0.000407727318815887,0.0004481053620111197,0.0004884834052063525,0.0005288614192977548,0.000569239491596818,0.0006096175056882203,0.0006499955197796226,0.0006903735920786858,0.000730751606170088,0.0007711296202614903,0.0008115076925605536,0.0008518857066519558,0.0008922637207433581,0.0009326417930424213,0.0009730198071338236,0.001013397821225226,0.0010537758935242891]},"best_val_loss":0.006578199779531653,"gradients/layers.0.conv.weight":{"_type":"histogram","values":[3,3,5,3,2,1,1,0,0,1,1,2,2,2,2,2,9,6,8,21,23,33,31,46,73,154,221,378,620,1757,20332,614060,13843,1192,626,346,216,100,87,54,26,16,3,5,1,3,1,3,1,1,2,0,2,0,0,0,0,0,1,0,0,1,2,2],"bins":[-0.00040589639684185386,-0.0003929869271814823,-0.0003800774284172803,-0.0003671679587569088,-0.0003542584599927068,-0.00034134899033233523,-0.0003284395206719637,-0.0003155300219077617,-0.00030262055224739015,-0.0002897110825870186,-0.0002768015838228166,-0.00026389211416244507,-0.0002509826445020735,-0.00023807314573787153,-0.00022516367607749999,-0.00021225419186521322,-0.00019934470765292645,-0.00018643522344063967,-0.0001735257392283529,-0.00016061626956798136,-0.0001477067853556946,-0.00013479730114340782,-0.00012188782420707867,-0.00010897834727074951,-9.606886305846274e-05,-8.315937884617597e-05,-7.024990190984681e-05,-5.734042133553885e-05,-4.4430940761230886e-05,-3.152146018692292e-05,-1.861197961261496e-05,-5.702499038306996e-06,7.207010639831424e-06,2.0116491214139387e-05,3.302597178844735e-05,4.5935452362755314e-05,5.884493293706328e-05,7.175441714935005e-05,8.46638940856792e-05,9.757337102200836e-05,0.00011048285523429513,0.0001233923394465819,0.00013630182365886867,0.0001492112933192402,0.00016212077753152698,0.00017503026174381375,0.0001879397314041853,0.00020084921561647207,0.00021375869982875884,0.0002266681840410456,0.00023957766825333238,0.0002524871379137039,0.00026539660757407546,0.00027830610633827746,0.000291215575998649,0.000304125074762851,0.00031703454442322254,0.0003299440140835941,0.0003428535128477961,0.0003557629825081676,0.0003686724812723696,0.00038158195093274117,0.0003944914205931127,0.0004074009193573147,0.00042031038901768625]},"_timestamp":1.7461984533183792e+09,"_runtime":2293.849450385,"_step":17,"gradients/layers.1.conv.weight":{"values":[7,4,13,12,8,19,4,20,5,17,8,29,37,90,68,75,129,100,121,264,301,342,421,791,1028,1563,2625,4669,8741,22460,159047,918579,34720,10471,5167,2345,1587,1104,638,407,316,272,213,164,100,93,103,79,77,51,11,28,9,14,1,19,7,21,10,6,0,8,1,9],"bins":[-0.00029258907306939363,-0.00028321100398898125,-0.0002738329058047384,-0.00026445480762049556,-0.00025507673854008317,-0.0002456986694596708,-0.00023632057127542794,-0.00022694248764310032,-0.0002175644040107727,-0.0002081863203784451,-0.00019880823674611747,-0.00018943015311378986,-0.00018005206948146224,-0.00017067398584913462,-0.000161295902216807,-0.0001519178185844794,-0.00014253973495215178,-0.00013316165131982416,-0.00012378356768749654,-0.00011440548405516893,-0.00010502740042284131,-9.56493167905137e-05,-8.627123315818608e-05,-7.689314952585846e-05,-6.751506589353085e-05,-5.813698226120323e-05,-4.875889862887561e-05,-3.9380814996548e-05,-3.000273136422038e-05,-2.0624647731892765e-05,-1.1246564099565148e-05,-1.8684804672375321e-06,7.509603165090084e-06,1.68876867974177e-05,2.6265770429745317e-05,3.564385406207293e-05,4.502193769440055e-05,5.4400021326728165e-05,6.377810495905578e-05,7.31561885913834e-05,8.253427222371101e-05,9.191235585603863e-05,0.00010129043948836625,0.00011066852312069386,0.00012004660675302148,0.0001294246903853491,0.0001388027740176767,0.00014818085765000433,0.00015755894128233194,0.00016693702491465956,0.00017631510854698718,0.0001856931921793148,0.0001950712758116424,0.00020444935944397002,0.00021382744307629764,0.00022320552670862526,0.00023258361034095287,0.0002419616939732805,0.0002513397776056081,0.00026071787578985095,0.00027009594487026334,0.0002794740139506757,0.00028885211213491857,0.0002982302103191614,0.0003076082793995738],"_type":"histogram"},"_wandb":{"runtime":2293},"gradients/to_out.weight":{"values":[1,1,0,0,0,0,0,0,0,0,0,0,2,1,1,1,1,1,1,0,1,4,1,0,1,2,3,3,6,6,6,14,20,53,1546,48,17,8,14,3,6,7,1,1,0,4,0,0,0,1,2,0,0,1,0,0,0,1,0,0,0,0,1,1],