{"train_loss":0.0006838177356827606,"best_val_loss":0.0009199874960229083,"_wandb":{"runtime":461},"val_loss":0.0009199874960229083,"_timestamp":1.746358591465329e+09,"_runtime":461.023637249,"_step":3,"epoch":2}