{"train_loss":0.014464733137616089,"val_loss":0.020697615621390785,"_timestamp":1.7466301143756526e+09,"_runtime":103.480980913,"_step":25,"best_val_loss":0.020697615621390785,"_wandb":{"runtime":103},"epoch":15}