{"epoch":15,"train_loss":0.009319242928177119,"val_loss":0.010615950816650808,"_timestamp":1.746631243498952e+09,"_runtime":114.367216709,"best_val_loss":0.009967233950351652,"_wandb":{"runtime":114},"_step":25}