{"best_val_loss":0.0007174158831730892,"gradients/graph_1layers.1.conv.weight":{"_type":"histogram","values":[9,0,0,0,0,0,0,0,9,0,0,0,0,0,0,18,9,26,16,21,18,9,17,19,37,71,81,101,156,168,191,468,828,1486,2281,3391,5106,8147,173625,9278,5366,3533,2549,1585,946,504,258,161,185,136,71,68,57,19,16,22,35,24,16,20,0,9,0,18],"bins":[-2.049029353656806e-05,-1.9959352357545868e-05,-1.9428411178523675e-05,-1.8897468180512078e-05,-1.8366527001489885e-05,-1.7835585822467692e-05,-1.7304642824456096e-05,-1.6773701645433903e-05,-1.624276046641171e-05,-1.5711819287389517e-05,-1.5180877198872622e-05,-1.4649935110355727e-05,-1.4118993931333534e-05,-1.3588052752311341e-05,-1.3057110663794447e-05,-1.2526168575277552e-05,-1.1995227396255359e-05,-1.1464286217233166e-05,-1.0933344128716271e-05,-1.0402402040199377e-05,-9.871460861177184e-06,-9.34051968215499e-06,-8.809577593638096e-06,-8.278635505121201e-06,-7.747694326099008e-06,-7.2167526923294645e-06,-6.685811058559921e-06,-6.154869424790377e-06,-5.623927791020833e-06,-5.092986157251289e-06,-4.562044523481745e-06,-4.0311028897122014e-06,-3.500163074932061e-06,-2.9692214411625173e-06,-2.4382798073929735e-06,-1.9073381736234296e-06,-1.3763965398538858e-06,-8.454549060843419e-07,-3.145132723147981e-07,2.1642836145474575e-07,7.473699952242896e-07,1.2783116289938334e-06,1.8092532627633773e-06,2.340194896532921e-06,2.871136530302465e-06,3.402078164072009e-06,3.933019797841553e-06,4.4639614316110965e-06,4.99490306538064e-06,5.525844699150184e-06,6.056786332919728e-06,6.587727966689272e-06,7.118669600458816e-06,7.649610779481009e-06,8.180552867997903e-06,8.711494956514798e-06,9.242436135536991e-06,9.773377314559184e-06,1.0304319403076079e-05,1.0835261491592973e-05,1.1366202670615166e-05,1.189714384963736e-05,1.2428085938154254e-05,1.2959028026671149e-05,1.3489969205693342e-05]},"gradients/graph_1layers.2.conv.bias":{"_type":"histogram","values":[1,0,0,0,0,0,0,0,0,0,0,0,0,1,0,1,1,0,1,2,0,1,0,0,0,1,1,2,1,0,2,0,4,4,8,4,23,30,13,9,2,4,3,1,1,1,2,0,0,0,0,0,0,0,0,2,0,0,0,0,0,0,0,2],"bins":[-0.0001770680391928181,-0.00017225857300218195,-0.0001674491068115458,-0.00016263965517282486,-0.0001578301889821887,-0.00015302072279155254,-0.00014821125660091639,-0.00014340179041028023,-0.00013859232421964407,-0.00013378287258092314,-0.00012897340639028698,-0.00012416394019965082,-0.00011935447400901467,-0.00011454501509433612,-0.00010973554890369996,-0.00010492608998902142,-0.00010011662379838526,-9.53071576077491e-05,-9.049769869307056e-05,-8.56882325024344e-05,-8.087877358775586e-05,-7.60693073971197e-05,-7.125984120648354e-05,-6.6450382291805e-05,-6.164091610116884e-05,-5.683145354851149e-05,-5.202199099585414e-05,-4.721252480521798e-05,-4.240306225256063e-05,-3.759359969990328e-05,-3.278413350926712e-05,-2.797467095660977e-05,-2.3165222955867648e-05,-1.8355760403210297e-05,-1.3546296031563543e-05,-8.73683256941149e-06,-3.9273691072594374e-06,8.820943548926152e-07,5.691557817044668e-06,1.050102127919672e-05,1.5310484741348773e-05,2.0119947294006124e-05,2.492941166565288e-05,2.9738876037299633e-05,3.4548338589956984e-05,3.9357801142614335e-05,4.416726733325049e-05,4.8976729885907844e-05,5.3786192438565195e-05,5.8595654991222546e-05,6.34051175438799e-05,6.821458373451605e-05,7.30240426491946e-05,7.783350883983076e-05,8.264297503046691e-05,8.745243394514546e-05,9.226190013578162e-05,9.707136632641777e-05,0.00010188082524109632,0.00010669029143173248,0.00011149975762236863,0.00011630921653704718,0.00012111868272768334,0.00012592814164236188,0.00013073760783299804]},"gradients/graph_1to_out.bias":{"bins":[-0.0012117571895942092,-0.0011752208229154348,-0.0011386845726519823,-0.001102148205973208,-0.0010656118392944336,-0.0010290754726156592,-0.0009925392223522067,-0.0009560028556734324,-0.000919466488994658,-0.0008829301805235445,-0.0008463938720524311,-0.0008098575053736567,-0.0007733211969025433,-0.000736784830223769,-0.0007002485217526555,-0.0006637121550738811,-0.0006271758466027677,-0.0005906395381316543,-0.0005541031714528799,-0.0005175668629817665,-0.0004810304963029921,-0.00044449418783187866,-0.00040795785025693476,-0.00037142151268199086,-0.00033488517510704696,-0.00029834883753210306,-0.00026181249995715916,-0.0002252761769341305,-0.0001887398393591866,-0.0001522035017842427,-0.0001156671714852564,-7.913084118627012e-05,-4.259450361132622e-05,-6.058169674361125e-06,3.047816426260397e-05,6.701449456159025e-05,0.00010355083213653415,0.00014008716971147805,0.00017662349273450673,0.00021315983030945063,0.0002496961678843945,0.0002862325054593384,0.0003227688430342823,0.0003593051806092262,0.00039584148908033967,0.00043237782665528357,0.00046891416423022747,0.0005054505309090018,0.0005419868393801153,0.0005785231478512287,0.0006150595145300031,0.0006515958230011165,0.0006881321896798909,0.0007246684981510043,0.0007612048648297787,0.0007977411733008921,0.0008342774817720056,0.0008708138484507799,0.0009073501569218934,0.0009438865236006677,0.0009804228320717812,0.0010169591987505555,0.0010534955654293299,0.0010900318156927824,0.0011265681823715568],"_type":"histogram","values":[1,0,0,0,1,0,0,0,0,0,0,1,0,0,0,0,0,0,0,0,0,0,0,0,0,1,0,0,0,1,0,1,2,1,0,0,0,0,1,1,1,0,0,0,0,0,0,0,0,0,0,0,0,0,0,0,0,0,0,0,0,0,1,1]},"gradients/graph_1to_out.weight":{"_type":"histogram","values":[1,0,0,1,1,0,0,0,3,0,2,5,2,2,2,5,3,6,7,2,4,1,6,9,4,8,17,21,28,42,97,34,24,21,16,11,10,5,4,5,5,1,4,2,3,1,3,1,1,4,0,2,1,3,1,1,0,4,0,1,0,0,0,1],"bins":[-0.00025511649437248707,-0.00024675685563124716,-0.00023839721689000726,-0.00023003757814876735,-0.00022167793940752745,-0.00021331830066628754,-0.00020495866192504764,-0.00019659902318380773,-0.00018823938444256783,-0.00017987974570132792,-0.00017152010696008801,-0.0001631604682188481,-0.0001548008294776082,-0.0001464411907363683,-0.0001380815519951284,-0.0001297219132538885,-0.00012136227451264858,-0.00011300263577140868,-0.00010464299703016877,-9.628335828892887e-05,-8.792371954768896e-05,-7.956408080644906e-05,-7.120444206520915e-05,-6.284480332396924e-05,-5.448516458272934e-05,-4.6125525841489434e-05,-3.776588710024953e-05,-2.9406248359009624e-05,-2.1046609617769718e-05,-1.2686970876529813e-05,-4.3273321352899075e-06,4.032306605949998e-06,1.2391916243359447e-05,2.0751554984599352e-05,2.9111193725839257e-05,3.747083246707916e-05,4.583047120831907e-05,5.419010994955897e-05,6.254974869079888e-05,7.090938743203878e-05,7.926902617327869e-05,8.76286649145186e-05,9.59883036557585e-05,0.0001043479423969984,0.00011270758113823831,0.00012106721987947822,0.00012942685862071812,0.00013778649736195803,0.00014614613610319793,0.00015450577484443784,0.00016286541358567774,0.00017122505232691765,0.00017958469106815755,0.00018794432980939746,0.00019630396855063736,0.00020466360729187727,0.00021302324603311718,0.00022138288477435708,0.00022974252351559699,0.0002381021622568369,0.0002464618009980768,0.0002548214397393167,0.0002631810784805566,0.0002715407172217965,0.0002799003559630364]},"_wandb":{"runtime":724},"train_loss":0.0005101150538876137,"gradients/graph_1layers.0.conv.bias":{"values":[1,1,0,0,0,0,0,0,0,0,0,1,1,0,0,1,0,0,0,1,0,1,3,0,1,1,0,0,2,1,93,4,2,1,2,1,1,0,0,2,1,0,1,0,2,1,0,0,0,0,0,0,1,0,0,0,0,0,0,0,0,0,0,1],