{"val_loss":0.0019814940016795795,"_wandb":{"runtime":97},"epoch":8,"_runtime":97.034435896,"_step":15,"_timestamp":1.7458354417487054e+09,"best_val_loss":0.0019814940016795795,"train_loss":0.0009056436336742571}